Device,Plant,Truss,Total_flowers,Budding,Transition_B_to_O,Open,Closed,Setting,Broken_Sets,Test_Day
1,1,101,9.0,9.0,0.0,0.0,0.0,0.0,0.0,1
1,1,201,12.0,10.0,2.0,0.0,0.0,0.0,0.0,1
1,2,101,10.0,8.0,2.0,0.0,0.0,0.0,0.0,1
1,2,201,11.0,7.0,4.0,0.0,0.0,0.0,0.0,1
1,3,101,12.0,7.0,5.0,0.0,0.0,0.0,0.0,1
1,3,201,12.0,9.0,3.0,0.0,0.0,0.0,0.0,1
1,4,101,13.0,9.0,4.0,0.0,0.0,0.0,0.0,1
1,4,201,13.0,10.0,3.0,0.0,0.0,0.0,0.0,1
1,5,101,12.0,8.0,4.0,0.0,0.0,0.0,0.0,1
1,5,201,24.0,21.0,3.0,0.0,0.0,0.0,0.0,1
1,6,101,13.0,9.0,4.0,0.0,0.0,0.0,0.0,1
1,6,201,20.0,14.0,6.0,0.0,0.0,0.0,0.0,1
1,7,101,19.0,19.0,0.0,0.0,0.0,0.0,0.0,1
1,7,201,24.0,20.0,4.0,0.0,0.0,0.0,0.0,1
1,8,101,14.0,11.0,3.0,0.0,0.0,0.0,0.0,1
1,8,201,15.0,12.0,3.0,0.0,0.0,0.0,0.0,1
1,9,101,8.0,8.0,0.0,0.0,0.0,0.0,0.0,1
1,9,201,7.0,7.0,0.0,0.0,0.0,0.0,0.0,1
1,10,201,8.0,8.0,0.0,0.0,0.0,0.0,0.0,1
1,10,101,7.0,4.0,3.0,0.0,0.0,0.0,0.0,1
1,11,201,7.0,7.0,0.0,0.0,0.0,0.0,0.0,1
1,11,101,7.0,6.0,1.0,0.0,0.0,0.0,0.0,1
1,12,101,7.0,7.0,0.0,0.0,0.0,0.0,0.0,1
1,12,201,7.0,5.0,2.0,0.0,0.0,0.0,0.0,1
1,13,101,8.0,8.0,0.0,0.0,0.0,0.0,0.0,1
1,13,201,8.0,8.0,0.0,0.0,0.0,0.0,0.0,1
1,14,101,6.0,3.0,3.0,0.0,0.0,0.0,0.0,1
1,14,201,7.0,7.0,0.0,0.0,0.0,0.0,0.0,1
2,1,201,15.0,12.0,3.0,0.0,0.0,0.0,0.0,1
2,1,101,15.0,12.0,3.0,0.0,0.0,0.0,0.0,1
2,2,201,14.0,11.0,3.0,0.0,0.0,0.0,0.0,1
2,2,101,14.0,10.0,4.0,0.0,0.0,0.0,0.0,1
2,3,201,16.0,12.0,4.0,0.0,0.0,0.0,0.0,1
2,3,101,11.0,9.0,2.0,0.0,0.0,0.0,0.0,1
2,4,201,15.0,14.0,1.0,0.0,0.0,0.0,0.0,1
2,4,101,11.0,8.0,3.0,0.0,0.0,0.0,0.0,1
2,5,201,11.0,11.0,0.0,0.0,0.0,0.0,0.0,1
2,5,101,14.0,10.0,4.0,0.0,0.0,0.0,0.0,1
2,6,201,10.0,10.0,0.0,0.0,0.0,0.0,0.0,1
2,6,101,11.0,8.0,3.0,0.0,0.0,0.0,0.0,1
2,7,201,14.0,14.0,0.0,0.0,0.0,0.0,0.0,1
2,7,101,27.0,22.0,5.0,0.0,0.0,0.0,0.0,1
2,8,201,0.0,0.0,0.0,0.0,0.0,0.0,0.0,1
2,8,101,14.0,11.0,3.0,0.0,0.0,0.0,0.0,1
2,9,201,7.0,4.0,3.0,0.0,0.0,0.0,0.0,1
2,9,101,8.0,8.0,0.0,0.0,0.0,0.0,0.0,1
2,10,201,7.0,6.0,1.0,0.0,0.0,0.0,0.0,1
2,10,101,8.0,5.0,3.0,0.0,0.0,0.0,0.0,1
2,11,201,7.0,7.0,0.0,0.0,0.0,0.0,0.0,1
2,11,101,7.0,7.0,0.0,0.0,0.0,0.0,0.0,1
2,12,201,8.0,6.0,2.0,0.0,0.0,0.0,0.0,1
2,12,101,8.0,5.0,3.0,0.0,0.0,0.0,0.0,1
2,13,201,7.0,7.0,0.0,0.0,0.0,0.0,0.0,1
2,13,101,7.0,5.0,2.0,0.0,0.0,0.0,0.0,1
2,14,201,8.0,8.0,0.0,0.0,0.0,0.0,0.0,1
2,14,101,7.0,4.0,3.0,0.0,0.0,0.0,0.0,1
3,1,201,29.0,23.0,6.0,0.0,0.0,0.0,0.0,1
3,1,101,27.0,21.0,6.0,0.0,0.0,0.0,0.0,1
3,2,201,13.0,13.0,0.0,0.0,0.0,0.0,0.0,1
3,2,101,13.0,13.0,0.0,0.0,0.0,0.0,0.0,1
3,3,201,12.0,12.0,0.0,0.0,0.0,0.0,0.0,1
3,3,101,15.0,12.0,3.0,0.0,0.0,0.0,0.0,1
3,4,101,28.0,22.0,6.0,0.0,0.0,0.0,0.0,1
3,4,201,14.0,12.0,2.0,0.0,0.0,0.0,0.0,1
3,5,101,27.0,23.0,4.0,0.0,0.0,0.0,0.0,1
3,5,201,16.0,14.0,2.0,0.0,0.0,0.0,0.0,1
3,6,101,16.0,14.0,2.0,0.0,0.0,0.0,0.0,1
3,6,201,14.0,13.0,1.0,0.0,0.0,0.0,0.0,1
3,7,101,26.0,22.0,4.0,0.0,0.0,0.0,0.0,1
3,7,201,24.0,21.0,3.0,0.0,0.0,0.0,0.0,1
3,8,101,25.0,23.0,2.0,0.0,0.0,0.0,0.0,1
3,8,201,13.0,11.0,2.0,0.0,0.0,0.0,0.0,1
3,9,101,8.0,6.0,2.0,0.0,0.0,0.0,0.0,1
3,9,201,7.0,7.0,0.0,0.0,0.0,0.0,0.0,1
3,10,101,7.0,6.0,1.0,0.0,0.0,0.0,0.0,1
3,10,201,7.0,7.0,0.0,0.0,0.0,0.0,0.0,1
3,11,101,6.0,5.0,1.0,0.0,0.0,0.0,0.0,1
3,11,201,8.0,8.0,0.0,0.0,0.0,0.0,0.0,1
3,12,101,7.0,6.0,1.0,0.0,0.0,0.0,0.0,1
3,12,201,7.0,7.0,0.0,0.0,0.0,0.0,0.0,1
3,13,101,8.0,7.0,1.0,0.0,0.0,0.0,0.0,1
3,13,201,7.0,7.0,0.0,0.0,0.0,0.0,0.0,1
3,14,101,7.0,6.0,1.0,0.0,0.0,0.0,0.0,1
3,14,201,8.0,8.0,0.0,0.0,0.0,0.0,0.0,1
5,1,101,8.0,5.0,3.0,0.0,0.0,0.0,0.0,1
5,1,201,7.0,6.0,1.0,0.0,0.0,0.0,0.0,1
5,2,101,5.0,5.0,0.0,0.0,0.0,0.0,0.0,1
5,2,201,5.0,5.0,0.0,0.0,0.0,0.0,0.0,1
5,3,101,6.0,5.0,1.0,0.0,0.0,0.0,0.0,1
5,3,201,14.0,12.0,2.0,0.0,0.0,0.0,0.0,1
5,4,101,8.0,8.0,0.0,0.0,0.0,0.0,0.0,1
5,4,201,8.0,8.0,0.0,0.0,0.0,0.0,0.0,1
5,5,101,6.0,6.0,0.0,0.0,0.0,0.0,0.0,1
5,5,201,8.0,8.0,0.0,0.0,0.0,0.0,0.0,1
5,6,101,6.0,6.0,0.0,0.0,0.0,0.0,0.0,1
5,6,201,16.0,15.0,1.0,0.0,0.0,0.0,0.0,1
5,7,101,7.0,5.0,2.0,0.0,0.0,0.0,0.0,1
5,7,201,7.0,7.0,0.0,0.0,0.0,0.0,0.0,1
5,8,101,6.0,6.0,0.0,0.0,0.0,0.0,0.0,1
5,8,201,7.0,6.0,1.0,0.0,0.0,0.0,0.0,1
5,9,101,7.0,7.0,0.0,0.0,0.0,0.0,0.0,1
6,1,101,14.0,10.0,4.0,0.0,0.0,0.0,0.0,1
6,1,201,12.0,10.0,2.0,0.0,0.0,0.0,0.0,1
6,2,101,8.0,7.0,1.0,0.0,0.0,0.0,0.0,1
6,2,201,8.0,7.0,1.0,0.0,0.0,0.0,0.0,1
6,3,101,9.0,8.0,1.0,0.0,0.0,0.0,0.0,1
6,3,201,10.0,8.0,2.0,0.0,0.0,0.0,0.0,1
6,4,101,21.0,13.0,6.0,2.0,0.0,0.0,0.0,1
6,4,201,14.0,10.0,3.0,1.0,0.0,0.0,0.0,1
6,5,101,20.0,14.0,6.0,0.0,0.0,0.0,0.0,1
6,5,201,24.0,14.0,6.0,4.0,0.0,0.0,0.0,1
6,6,101,8.0,8.0,0.0,0.0,0.0,0.0,0.0,1
6,6,201,9.0,6.0,2.0,1.0,0.0,0.0,0.0,1
6,7,101,6.0,5.0,1.0,0.0,0.0,0.0,0.0,1
6,7,201,9.0,8.0,1.0,0.0,0.0,0.0,0.0,1
6,8,101,0.0,0.0,0.0,0.0,0.0,0.0,0.0,1
6,8,201,6.0,4.0,2.0,0.0,0.0,0.0,0.0,1
6,9,101,8.0,6.0,2.0,0.0,0.0,0.0,0.0,1
6,9,201,6.0,4.0,2.0,0.0,0.0,0.0,0.0,1
6,10,101,8.0,5.0,2.0,1.0,0.0,0.0,0.0,1
6,10,201,6.0,6.0,0.0,0.0,0.0,0.0,0.0,1
6,11,101,6.0,6.0,0.0,0.0,0.0,0.0,0.0,1
6,11,201,6.0,3.0,3.0,0.0,0.0,0.0,0.0,1
1,1,101,20.0,5.0,2.0,3.0,2.0,8.0,0.0,10
1,1,102,18.0,8.0,1.0,3.0,1.0,5.0,0.0,10
1,1,103,17.0,12.0,2.0,3.0,0.0,0.0,0.0,10
1,1,201,19.0,4.0,1.0,2.0,1.0,10.0,1.0,10
1,1,202,17.0,4.0,2.0,3.0,0.0,8.0,0.0,10
1,1,203,15.0,8.0,2.0,3.0,1.0,1.0,0.0,10
1,1,204,13.0,12.0,1.0,0.0,0.0,0.0,0.0,10
1,2,101,26.0,6.0,3.0,3.0,1.0,13.0,0.0,10
1,2,102,23.0,10.0,2.0,2.0,1.0,8.0,0.0,10
1,2,103,17.0,10.0,2.0,2.0,3.0,0.0,0.0,10
1,2,104,16.0,14.0,2.0,0.0,0.0,0.0,0.0,10
1,2,201,21.0,4.0,1.0,1.0,1.0,13.0,1.0,10
1,2,202,18.0,5.0,2.0,3.0,0.0,8.0,0.0,10
1,2,203,17.0,9.0,3.0,2.0,1.0,2.0,0.0,10
1,2,204,13.0,12.0,1.0,0.0,0.0,0.0,0.0,10
1,3,101,19.0,5.0,0.0,1.0,1.0,12.0,0.0,10
1,3,102,16.0,3.0,1.0,2.0,1.0,9.0,0.0,10
1,3,103,14.0,4.0,3.0,2.0,3.0,2.0,0.0,10
1,3,104,13.0,6.0,3.0,4.0,0.0,0.0,0.0,10
1,3,201,14.0,2.0,0.0,0.0,3.0,9.0,0.0,10
1,3,202,13.0,2.0,1.0,2.0,0.0,8.0,0.0,10
1,3,203,13.0,5.0,2.0,2.0,2.0,2.0,0.0,10
1,3,204,14.0,11.0,2.0,1.0,0.0,0.0,0.0,10
1,4,101,21.0,3.0,1.0,3.0,0.0,12.0,2.0,10
1,4,101,21.0,2.0,2.0,2.0,1.0,14.0,0.0,10
1,4,102,19.0,4.0,2.0,4.0,1.0,8.0,0.0,10
1,4,102,22.0,7.0,2.0,3.0,0.0,10.0,0.0,10
1,4,103,18.0,7.0,3.0,2.0,3.0,2.0,1.0,10
1,4,103,18.0,7.0,2.0,4.0,1.0,4.0,0.0,10
1,4,104,13.0,8.0,2.0,3.0,0.0,0.0,0.0,10
1,4,104,15.0,10.0,2.0,3.0,0.0,0.0,0.0,10
1,4,201,19.0,4.0,0.0,3.0,0.0,12.0,0.0,10
1,4,201,35.0,5.0,1.0,4.0,0.0,25.0,0.0,10
1,4,202,20.0,6.0,2.0,2.0,2.0,8.0,0.0,10
1,4,202,18.0,4.0,2.0,2.0,1.0,9.0,0.0,10
1,4,203,17.0,8.0,3.0,2.0,2.0,2.0,0.0,10
1,4,203,15.0,6.0,2.0,3.0,3.0,0.0,1.0,10
1,4,204,13.0,11.0,2.0,0.0,0.0,0.0,0.0,10
1,4,204,9.0,7.0,2.0,0.0,0.0,0.0,0.0,10
1,5,101,21.0,4.0,1.0,2.0,2.0,11.0,1.0,10
1,5,101,20.0,1.0,1.0,2.0,1.0,13.0,2.0,10
1,5,102,17.0,5.0,2.0,2.0,1.0,7.0,0.0,10
1,5,102,20.0,4.0,2.0,4.0,1.0,9.0,0.0,10
1,5,103,15.0,7.0,2.0,4.0,2.0,0.0,0.0,10
1,5,103,17.0,7.0,2.0,3.0,3.0,2.0,0.0,10
1,5,104,14.0,9.0,3.0,2.0,0.0,0.0,0.0,10
1,5,104,10.0,8.0,2.0,0.0,0.0,0.0,0.0,10
1,5,201,30.0,6.0,1.0,1.0,3.0,19.0,0.0,10
1,5,201,36.0,4.0,4.0,4.0,2.0,21.0,1.0,10
1,5,202,14.0,3.0,1.0,2.0,2.0,6.0,0.0,10
1,5,202,19.0,5.0,3.0,4.0,1.0,6.0,0.0,10
1,5,203,11.0,5.0,2.0,3.0,1.0,0.0,0.0,10
1,5,203,16.0,9.0,2.0,4.0,1.0,0.0,0.0,10
1,5,204,12.0,12.0,0.0,0.0,0.0,0.0,0.0,10
1,6,101,18.0,5.0,1.0,2.0,0.0,10.0,0.0,10
1,6,101,17.0,4.0,1.0,1.0,0.0,11.0,0.0,10
1,6,102,16.0,7.0,0.0,3.0,1.0,5.0,0.0,10
1,6,102,17.0,5.0,2.0,2.0,1.0,5.0,0.0,10
1,6,103,13.0,7.0,2.0,3.0,1.0,0.0,0.0,10
1,6,103,13.0,7.0,2.0,4.0,0.0,0.0,0.0,10
1,6,201,18.0,3.0,1.0,2.0,0.0,12.0,0.0,10
1,6,201,28.0,3.0,2.0,1.0,0.0,20.0,2.0,10
1,6,202,15.0,4.0,2.0,3.0,1.0,5.0,0.0,10
1,6,202,16.0,4.0,2.0,3.0,1.0,6.0,0.0,10
1,6,203,10.0,4.0,2.0,3.0,1.0,0.0,0.0,10
1,6,203,12.0,6.0,1.0,4.0,0.0,1.0,0.0,10
1,6,204,0.0,9.0,0.0,0.0,0.0,0.0,0.0,10
1,7,101,36.0,9.0,5.0,5.0,2.0,15.0,0.0,10
1,7,102,19.0,7.0,3.0,2.0,2.0,5.0,0.0,10
1,7,103,16.0,10.0,3.0,3.0,0.0,0.0,0.0,10
1,7,201,30.0,5.0,2.0,2.0,1.0,20.0,0.0,10
1,7,202,13.0,4.0,1.0,2.0,0.0,6.0,0.0,10
1,7,203,9.0,4.0,2.0,3.0,0.0,0.0,0.0,10
1,8,101,20.0,2.0,0.0,2.0,1.0,12.0,3.0,10
1,8,102,18.0,2.0,2.0,3.0,1.0,10.0,0.0,10
1,8,103,18.0,7.0,2.0,3.0,4.0,2.0,0.0,10
1,8,104,16.0,11.0,2.0,3.0,0.0,0.0,0.0,10
1,8,201,20.0,3.0,1.0,3.0,0.0,12.0,1.0,10
1,8,202,20.0,6.0,3.0,2.0,2.0,7.0,0.0,10
1,8,203,38.0,22.0,6.0,9.0,1.0,0.0,0.0,10
1,8,204,14.0,12.0,2.0,0.0,0.0,0.0,0.0,10
1,9,101,7.0,1.0,0.0,0.0,2.0,4.0,0.0,10
1,9,102,6.0,1.0,1.0,3.0,1.0,0.0,0.0,10
1,9,201,7.0,0.0,0.0,1.0,1.0,5.0,0.0,10
1,9,202,6.0,0.0,0.0,4.0,1.0,1.0,0.0,10
1,9,203,6.0,4.0,2.0,0.0,0.0,0.0,0.0,10
1,10,101,7.0,1.0,0.0,0.0,3.0,3.0,0.0,10
1,10,102,6.0,1.0,0.0,2.0,1.0,2.0,0.0,10
1,10,103,7.0,5.0,1.0,1.0,0.0,0.0,0.0,10
1,10,201,7.0,0.0,0.0,0.0,1.0,6.0,0.0,10
1,10,202,7.0,1.0,2.0,2.0,2.0,0.0,0.0,10
1,11,101,8.0,3.0,0.0,0.0,0.0,5.0,0.0,10
1,11,102,8.0,7.0,0.0,1.0,0.0,0.0,0.0,10
1,11,201,7.0,0.0,0.0,2.0,1.0,4.0,0.0,10
1,11,202,7.0,3.0,2.0,2.0,0.0,0.0,0.0,10
1,12,101,8.0,2.0,0.0,0.0,2.0,4.0,0.0,10
1,12,102,7.0,1.0,2.0,3.0,1.0,0.0,0.0,10
1,12,201,7.0,0.0,0.0,0.0,1.0,6.0,0.0,10
1,12,202,7.0,1.0,0.0,2.0,2.0,2.0,0.0,10
1,12,203,7.0,5.0,2.0,0.0,0.0,0.0,0.0,10
1,13,101,7.0,2.0,0.0,0.0,4.0,1.0,0.0,10
1,13,102,6.0,3.0,1.0,2.0,0.0,0.0,0.0,10
1,13,201,8.0,0.0,1.0,1.0,2.0,4.0,0.0,10
1,13,202,8.0,2.0,1.0,4.0,1.0,0.0,0.0,10
1,14,101,7.0,0.0,0.0,0.0,1.0,5.0,1.0,10
1,14,201,8.0,0.0,0.0,0.0,4.0,4.0,0.0,10
1,14,202,7.0,1.0,1.0,3.0,2.0,0.0,0.0,10
1,14,203,6.0,6.0,0.0,0.0,0.0,0.0,0.0,10
2,1,101,18.0,3.0,0.0,2.0,1.0,11.0,1.0,10
2,1,102,17.0,3.0,1.0,3.0,2.0,8.0,0.0,10
2,1,103,16.0,5.0,3.0,2.0,1.0,5.0,0.0,10
2,1,104,15.0,9.0,4.0,2.0,0.0,0.0,0.0,10
2,1,105,9.0,9.0,0.0,0.0,0.0,0.0,0.0,10
2,1,201,13.0,1.0,0.0,0.0,2.0,9.0,1.0,10
2,1,202,25.0,5.0,2.0,4.0,4.0,10.0,0.0,10
2,1,203,13.0,4.0,2.0,1.0,6.0,0.0,0.0,10
2,1,204,14.0,8.0,4.0,2.0,0.0,0.0,0.0,10
2,2,101,21.0,3.0,0.0,2.0,1.0,12.0,3.0,10
2,2,102,19.0,5.0,3.0,2.0,1.0,8.0,0.0,10
2,2,103,16.0,6.0,3.0,3.0,4.0,0.0,0.0,10
2,2,104,14.0,10.0,3.0,1.0,0.0,0.0,0.0,10
2,2,201,16.0,0.0,0.0,1.0,1.0,11.0,3.0,10
2,2,202,18.0,5.0,1.0,2.0,1.0,8.0,1.0,10
2,2,203,11.0,3.0,1.0,3.0,2.0,2.0,0.0,10
2,2,204,15.0,13.0,2.0,0.0,0.0,0.0,0.0,10
2,3,101,18.0,2.0,1.0,2.0,1.0,9.0,3.0,10
2,3,102,18.0,5.0,2.0,3.0,3.0,5.0,0.0,10
2,3,103,14.0,7.0,2.0,3.0,0.0,2.0,0.0,10
2,3,201,21.0,3.0,1.0,1.0,2.0,13.0,1.0,10
2,3,202,20.0,5.0,2.0,3.0,1.0,9.0,0.0,10
2,3,203,17.0,7.0,3.0,3.0,2.0,2.0,0.0,10
2,3,204,12.0,8.0,3.0,1.0,0.0,0.0,0.0,10
2,4,102,15.0,3.0,1.0,3.0,3.0,4.0,1.0,10
2,4,103,13.0,4.0,3.0,3.0,2.0,1.0,0.0,10
2,4,104,18.0,14.0,2.0,2.0,0.0,0.0,0.0,10
2,4,201,16.0,4.0,0.0,1.0,2.0,8.0,1.0,10
2,4,202,15.0,5.0,2.0,2.0,4.0,1.0,1.0,10
2,4,203,12.0,6.0,2.0,3.0,1.0,0.0,0.0,10
2,4,204,16.0,15.0,1.0,0.0,0.0,0.0,0.0,10
2,6,101,18.0,2.0,1.0,1.0,2.0,7.0,5.0,10
2,6,102,19.0,4.0,2.0,4.0,4.0,5.0,0.0,10
2,6,103,18.0,8.0,3.0,4.0,2.0,1.0,0.0,10
2,6,104,15.0,12.0,2.0,1.0,0.0,0.0,0.0,10
2,6,201,18.0,4.0,2.0,3.0,3.0,6.0,0.0,10
2,6,202,13.0,5.0,2.0,3.0,2.0,1.0,0.0,10
2,6,203,13.0,10.0,2.0,1.0,0.0,0.0,0.0,10
2,7,101,37.0,5.0,2.0,5.0,0.0,25.0,0.0,10
2,7,102,18.0,4.0,1.0,3.0,2.0,8.0,0.0,10
2,7,103,15.0,6.0,2.0,3.0,4.0,0.0,0.0,10
2,7,104,14.0,11.0,2.0,1.0,0.0,0.0,0.0,10
2,7,201,19.0,3.0,2.0,2.0,1.0,8.0,3.0,10
2,7,202,15.0,3.0,2.0,3.0,1.0,6.0,0.0,10
2,7,203,14.0,8.0,2.0,3.0,1.0,0.0,0.0,10
2,8,101,20.0,3.0,2.0,3.0,0.0,12.0,0.0,10
2,8,102,19.0,6.0,3.0,3.0,0.0,7.0,0.0,10
2,8,103,17.0,9.0,3.0,4.0,1.0,0.0,0.0,10
2,8,201,17.0,10.0,1.0,3.0,2.0,1.0,0.0,10
2,8,202,14.0,12.0,2.0,0.0,0.0,0.0,0.0,10
2,9,101,9.0,2.0,0.0,1.0,4.0,2.0,0.0,10
2,9,102,6.0,3.0,0.0,1.0,2.0,0.0,0.0,10
2,9,201,7.0,0.0,0.0,0.0,3.0,4.0,0.0,10
2,9,202,7.0,1.0,1.0,1.0,1.0,3.0,0.0,10
2,9,203,5.0,2.0,1.0,2.0,0.0,0.0,0.0,10
2,10,101,8.0,0.0,0.0,1.0,6.0,1.0,0.0,10
2,10,102,7.0,0.0,0.0,5.0,2.0,0.0,0.0,10
2,10,103,7.0,3.0,2.0,2.0,0.0,0.0,0.0,10
2,10,201,7.0,0.0,0.0,0.0,7.0,0.0,0.0,10
2,10,202,8.0,0.0,1.0,5.0,2.0,0.0,0.0,10
2,10,203,8.0,4.0,3.0,1.0,0.0,0.0,0.0,10
2,11,101,6.0,5.0,0.0,0.0,1.0,0.0,0.0,10
2,11,201,7.0,0.0,0.0,0.0,3.0,4.0,0.0,10
2,11,202,6.0,0.0,1.0,2.0,3.0,0.0,0.0,10
2,12,101,8.0,1.0,0.0,0.0,2.0,5.0,0.0,10
2,12,102,7.0,2.0,0.0,1.0,2.0,2.0,0.0,10
2,12,103,6.0,4.0,1.0,1.0,0.0,0.0,0.0,10
2,12,201,8.0,0.0,0.0,0.0,4.0,4.0,0.0,10
2,12,202,8.0,2.0,1.0,1.0,2.0,2.0,0.0,10
2,12,203,6.0,4.0,2.0,0.0,0.0,0.0,0.0,10
2,13,101,7.0,0.0,1.0,1.0,3.0,2.0,0.0,10
2,13,201,8.0,1.0,0.0,1.0,2.0,4.0,0.0,10
2,13,202,8.0,2.0,1.0,4.0,1.0,0.0,0.0,10
2,14,101,7.0,1.0,0.0,0.0,2.0,4.0,0.0,10
2,14,102,7.0,0.0,3.0,2.0,2.0,0.0,0.0,10
2,14,201,7.0,0.0,0.0,1.0,1.0,5.0,0.0,10
2,14,202,8.0,4.0,0.0,3.0,1.0,0.0,0.0,10
2,14,203,7.0,7.0,0.0,0.0,0.0,0.0,0.0,10
3,1,101,36.0,8.0,1.0,3.0,2.0,21.0,1.0,10
3,1,102,14.0,3.0,1.0,3.0,0.0,7.0,0.0,10
3,1,103,13.0,4.0,2.0,2.0,1.0,4.0,0.0,10
3,1,104,10.0,7.0,2.0,1.0,0.0,0.0,0.0,10
3,1,201,37.0,9.0,0.0,4.0,1.0,22.0,1.0,10
3,1,202,18.0,3.0,2.0,2.0,1.0,10.0,0.0,10
3,1,203,15.0,8.0,0.0,2.0,1.0,4.0,0.0,10
3,1,204,11.0,7.0,2.0,2.0,0.0,0.0,0.0,10
3,2,101,24.0,6.0,4.0,3.0,0.0,11.0,0.0,10
3,2,102,19.0,8.0,2.0,2.0,1.0,6.0,0.0,10
3,2,103,13.0,7.0,2.0,3.0,1.0,0.0,0.0,10
3,2,201,20.0,4.0,3.0,2.0,1.0,10.0,0.0,10
3,2,202,18.0,8.0,2.0,2.0,2.0,4.0,0.0,10
3,2,203,12.0,8.0,2.0,2.0,0.0,0.0,0.0,10
3,7,101,34.0,6.0,1.0,4.0,1.0,21.0,1.0,10
3,7,102,16.0,3.0,2.0,3.0,1.0,4.0,3.0,10
3,7,103,20.0,7.0,3.0,3.0,4.0,3.0,0.0,10
3,7,104,14.0,10.0,3.0,1.0,0.0,0.0,0.0,10
3,7,201,31.0,2.0,1.0,2.0,1.0,24.0,1.0,10
3,7,202,19.0,5.0,2.0,3.0,1.0,8.0,0.0,10
3,7,203,17.0,8.0,2.0,3.0,1.0,3.0,0.0,10
3,7,204,13.0,9.0,3.0,1.0,0.0,0.0,0.0,10
3,8,101,18.0,3.0,1.0,2.0,2.0,10.0,0.0,10
3,8,102,18.0,5.0,2.0,3.0,1.0,7.0,0.0,10
3,8,103,17.0,10.0,2.0,3.0,2.0,0.0,0.0,10
3,8,104,14.0,13.0,1.0,0.0,0.0,0.0,0.0,10
3,8,201,34.0,7.0,2.0,4.0,3.0,18.0,0.0,10
3,8,202,19.0,5.0,2.0,3.0,1.0,8.0,0.0,10
3,8,203,16.0,8.0,3.0,3.0,2.0,0.0,0.0,10
3,8,204,13.0,12.0,1.0,0.0,0.0,0.0,0.0,10
3,9,101,8.0,2.0,0.0,0.0,1.0,5.0,0.0,10
3,9,102,7.0,1.0,1.0,2.0,3.0,0.0,0.0,10
3,9,201,8.0,1.0,0.0,1.0,3.0,3.0,0.0,10
3,9,202,7.0,2.0,1.0,4.0,0.0,0.0,0.0,10
3,10,101,6.0,1.0,0.0,0.0,2.0,3.0,0.0,10
3,10,102,7.0,2.0,1.0,3.0,1.0,0.0,0.0,10
3,10,201,7.0,1.0,0.0,0.0,1.0,5.0,0.0,10
3,10,202,7.0,2.0,1.0,2.0,2.0,0.0,0.0,10
3,11,101,6.0,0.0,0.0,0.0,0.0,6.0,0.0,10
3,11,102,7.0,1.0,1.0,3.0,2.0,0.0,0.0,10
3,11,103,7.0,6.0,1.0,0.0,0.0,0.0,0.0,10
3,11,201,8.0,1.0,0.0,0.0,1.0,6.0,0.0,10
3,11,202,7.0,1.0,1.0,2.0,2.0,1.0,0.0,10
3,11,203,8.0,8.0,0.0,0.0,0.0,0.0,0.0,10
3,12,101,6.0,3.0,0.0,0.0,0.0,2.0,1.0,10
3,12,102,7.0,3.0,0.0,1.0,3.0,0.0,0.0,10
3,12,201,7.0,1.0,0.0,0.0,2.0,4.0,0.0,10
3,12,202,7.0,2.0,1.0,2.0,2.0,0.0,0.0,10
3,13,101,8.0,2.0,0.0,0.0,1.0,5.0,0.0,10
3,13,102,6.0,2.0,0.0,2.0,2.0,0.0,0.0,10
3,13,201,7.0,0.0,1.0,0.0,1.0,5.0,0.0,10
3,13,202,7.0,2.0,1.0,4.0,0.0,0.0,0.0,10
3,14,101,6.0,1.0,0.0,0.0,0.0,5.0,0.0,10
3,14,102,8.0,2.0,1.0,3.0,2.0,0.0,0.0,10
3,14,103,6.0,6.0,0.0,0.0,0.0,0.0,0.0,10
3,14,201,8.0,1.0,0.0,0.0,2.0,5.0,0.0,10
3,14,202,7.0,1.0,1.0,2.0,3.0,0.0,0.0,10
5,1,101,19.0,2.0,2.0,3.0,8.0,4.0,0.0,10
5,1,102,17.0,4.0,3.0,3.0,4.0,3.0,0.0,10
5,1,103,16.0,9.0,2.0,4.0,1.0,0.0,0.0,10
5,1,201,19.0,3.0,2.0,2.0,1.0,10.0,1.0,10
5,1,202,16.0,4.0,3.0,2.0,1.0,6.0,0.0,10
5,1,203,14.0,8.0,2.0,3.0,1.0,0.0,0.0,10
5,2,101,11.0,4.0,0.0,1.0,3.0,2.0,1.0,10
5,2,102,13.0,3.0,3.0,3.0,4.0,0.0,0.0,10
5,2,103,16.0,10.0,3.0,3.0,0.0,0.0,0.0,10
5,2,201,17.0,6.0,1.0,3.0,6.0,1.0,0.0,10
5,2,202,13.0,5.0,3.0,4.0,1.0,0.0,0.0,10
5,2,203,19.0,16.0,3.0,0.0,0.0,0.0,0.0,10
5,3,101,16.0,3.0,1.0,2.0,3.0,7.0,0.0,10
5,3,102,23.0,8.0,5.0,4.0,6.0,0.0,0.0,10
5,3,103,15.0,8.0,3.0,4.0,0.0,0.0,0.0,10
5,3,104,20.0,20.0,0.0,0.0,0.0,0.0,0.0,10
5,3,201,24.0,6.0,0.0,0.0,5.0,12.0,1.0,10
5,3,202,24.0,7.0,2.0,4.0,7.0,4.0,0.0,10
5,3,203,10.0,3.0,2.0,2.0,2.0,0.0,1.0,10
5,3,204,22.0,19.0,3.0,0.0,0.0,0.0,0.0,10
5,4,101,18.0,4.0,2.0,2.0,2.0,8.0,0.0,10
5,4,102,15.0,5.0,2.0,3.0,4.0,0.0,1.0,10
5,4,103,15.0,11.0,2.0,2.0,0.0,0.0,0.0,10
5,4,201,20.0,3.0,3.0,2.0,2.0,6.0,4.0,10
5,4,202,17.0,6.0,2.0,3.0,3.0,3.0,0.0,10
5,4,203,14.0,8.0,3.0,3.0,0.0,0.0,0.0,10
5,5,101,19.0,8.0,0.0,7.0,0.0,3.0,1.0,10
5,5,102,16.0,9.0,1.0,5.0,1.0,0.0,0.0,10
5,5,103,10.0,9.0,0.0,1.0,0.0,0.0,0.0,10
5,5,201,16.0,4.0,1.0,2.0,3.0,4.0,2.0,10
5,5,202,15.0,6.0,1.0,3.0,5.0,0.0,0.0,10
5,5,203,12.0,8.0,1.0,3.0,0.0,0.0,0.0,10
5,6,101,15.0,4.0,1.0,4.0,4.0,1.0,1.0,10
5,6,102,12.0,5.0,1.0,4.0,2.0,0.0,0.0,10
5,6,103,12.0,8.0,3.0,1.0,0.0,0.0,0.0,10
5,6,201,21.0,2.0,0.0,0.0,7.0,10.0,2.0,10
5,6,202,14.0,3.0,0.0,2.0,5.0,4.0,0.0,10
5,6,203,15.0,4.0,3.0,5.0,3.0,0.0,0.0,10
5,6,204,21.0,12.0,6.0,3.0,0.0,0.0,0.0,10
5,7,101,7.0,2.0,0.0,0.0,1.0,4.0,0.0,10
5,7,102,7.0,6.0,0.0,0.0,1.0,0.0,0.0,10
5,7,201,7.0,3.0,0.0,0.0,4.0,0.0,0.0,10
5,7,202,6.0,5.0,1.0,0.0,0.0,0.0,0.0,10
5,8,101,9.0,3.0,0.0,2.0,0.0,4.0,0.0,10
5,8,102,9.0,4.0,1.0,3.0,1.0,0.0,0.0,10
5,8,201,7.0,1.0,0.0,1.0,5.0,0.0,0.0,10
5,8,202,8.0,2.0,1.0,3.0,2.0,0.0,0.0,10
5,8,203,6.0,6.0,0.0,0.0,0.0,0.0,0.0,10
5,9,101,7.0,0.0,0.0,2.0,2.0,3.0,0.0,10
5,9,102,7.0,2.0,1.0,4.0,0.0,0.0,0.0,10
6,1,101,38.0,4.0,0.0,2.0,10.0,22.0,0.0,10
6,1,102,18.0,5.0,3.0,1.0,3.0,6.0,0.0,10
6,1,103,15.0,6.0,2.0,3.0,4.0,0.0,0.0,10
6,1,104,15.0,13.0,2.0,0.0,0.0,0.0,0.0,10
6,1,201,18.0,5.0,0.0,0.0,4.0,8.0,1.0,10
6,1,202,16.0,3.0,2.0,2.0,3.0,6.0,0.0,10
6,1,203,15.0,8.0,4.0,2.0,1.0,0.0,0.0,10
6,2,101,21.0,4.0,2.0,2.0,2.0,11.0,0.0,10
6,2,102,18.0,9.0,2.0,1.0,4.0,2.0,0.0,10
6,2,103,13.0,11.0,2.0,0.0,0.0,0.0,0.0,10
6,2,201,16.0,10.0,0.0,0.0,0.0,0.0,0.0,10
6,2,202,18.0,6.0,2.0,1.0,2.0,7.0,0.0,10
6,2,203,17.0,9.0,2.0,1.0,3.0,2.0,0.0,10
6,3,101,17.0,5.0,2.0,2.0,2.0,6.0,0.0,10
6,3,102,17.0,10.0,3.0,2.0,2.0,0.0,0.0,10
6,3,103,12.0,12.0,0.0,0.0,0.0,0.0,0.0,10
6,3,201,19.0,4.0,3.0,1.0,3.0,8.0,0.0,10
6,3,202,16.0,8.0,2.0,2.0,1.0,3.0,0.0,10
6,3,203,15.0,13.0,2.0,0.0,0.0,0.0,0.0,10
6,4,101,24.0,4.0,0.0,0.0,5.0,15.0,0.0,10
6,4,102,18.0,5.0,0.0,2.0,4.0,7.0,0.0,10
6,4,103,15.0,5.0,2.0,2.0,6.0,0.0,0.0,10
6,4,104,12.0,10.0,2.0,0.0,0.0,0.0,0.0,10
6,4,201,18.0,3.0,1.0,1.0,1.0,12.0,0.0,10
6,4,202,19.0,5.0,3.0,2.0,1.0,8.0,0.0,10
6,4,203,14.0,5.0,3.0,2.0,4.0,0.0,0.0,10
6,4,204,16.0,15.0,1.0,0.0,0.0,0.0,0.0,10
6,5,101,33.0,8.0,2.0,1.0,5.0,17.0,0.0,10
6,5,102,20.0,7.0,2.0,1.0,1.0,9.0,0.0,10
6,5,103,15.0,7.0,2.0,2.0,4.0,0.0,0.0,10
6,5,104,14.0,14.0,0.0,0.0,0.0,0.0,0.0,10
6,5,201,45.0,13.0,0.0,2.0,7.0,23.0,0.0,10
6,5,202,19.0,6.0,3.0,1.0,2.0,7.0,0.0,10
6,5,203,16.0,9.0,2.0,2.0,3.0,0.0,0.0,10
6,5,204,13.0,13.0,0.0,0.0,0.0,0.0,0.0,10
6,6,101,17.0,3.0,2.0,1.0,2.0,9.0,0.0,10
6,6,102,18.0,9.0,2.0,1.0,4.0,2.0,0.0,10
6,6,103,14.0,10.0,4.0,0.0,0.0,0.0,0.0,10
6,6,201,15.0,2.0,0.0,0.0,1.0,9.0,3.0,10
6,6,202,19.0,6.0,2.0,2.0,2.0,7.0,0.0,10
6,6,203,17.0,10.0,3.0,1.0,3.0,0.0,0.0,10
6,6,204,13.0,13.0,0.0,0.0,0.0,0.0,0.0,10
6,7,101,7.0,0.0,0.0,0.0,2.0,5.0,0.0,10
6,7,102,7.0,2.0,1.0,2.0,2.0,0.0,0.0,10
6,7,201,8.0,2.0,0.0,0.0,1.0,5.0,0.0,10
6,7,202,7.0,0.0,2.0,2.0,3.0,0.0,0.0,10
6,8,201,7.0,3.0,0.0,0.0,1.0,3.0,0.0,10
6,8,202,6.0,3.0,1.0,2.0,0.0,0.0,0.0,10
6,9,101,7.0,0.0,0.0,1.0,2.0,4.0,0.0,10
6,9,102,7.0,2.0,1.0,2.0,2.0,0.0,0.0,10
6,9,201,7.0,0.0,1.0,0.0,1.0,5.0,0.0,10
6,9,202,7.0,2.0,1.0,2.0,2.0,0.0,0.0,10
6,10,101,8.0,0.0,0.0,0.0,2.0,6.0,0.0,10
6,10,102,7.0,0.0,1.0,1.0,1.0,4.0,0.0,10
6,10,103,8.0,6.0,1.0,1.0,0.0,0.0,0.0,10
6,10,201,8.0,1.0,0.0,0.0,2.0,5.0,0.0,10
6,10,202,7.0,2.0,0.0,3.0,2.0,0.0,0.0,10
6,10,203,7.0,7.0,0.0,0.0,0.0,0.0,0.0,10
6,11,101,7.0,1.0,0.0,0.0,2.0,4.0,0.0,10
6,11,102,7.0,3.0,1.0,1.0,2.0,0.0,0.0,10
6,11,201,8.0,1.0,0.0,0.0,1.0,6.0,0.0,10
6,11,202,7.0,2.0,0.0,1.0,1.0,3.0,0.0,10
6,11,203,6.0,6.0,0.0,0.0,0.0,0.0,0.0,10
1,1,101,11.0,10.0,1.0,0.0,0.0,0.0,0.0,2
1,1,201,14.0,10.0,3.0,1.0,0.0,0.0,0.0,2
1,2,101,16.0,10.0,4.0,2.0,0.0,0.0,0.0,2
1,2,201,14.0,8.0,3.0,3.0,0.0,0.0,0.0,2
1,3,101,16.0,9.0,5.0,2.0,0.0,0.0,0.0,2
1,3,102,12.0,11.0,1.0,0.0,0.0,0.0,0.0,2
1,3,201,16.0,11.0,4.0,1.0,0.0,0.0,0.0,2
1,4,101,18.0,11.0,4.0,3.0,0.0,0.0,0.0,2
1,4,102,13.0,12.0,1.0,0.0,0.0,0.0,0.0,2
1,4,201,16.0,11.0,3.0,2.0,0.0,0.0,0.0,2
1,4,202,13.0,13.0,0.0,0.0,0.0,0.0,0.0,2
1,5,101,15.0,9.0,4.0,2.0,0.0,0.0,0.0,2
1,5,102,13.0,12.0,1.0,0.0,0.0,0.0,0.0,2
1,5,201,30.0,21.0,7.0,2.0,0.0,0.0,0.0,2
1,6,101,16.0,10.0,4.0,2.0,0.0,0.0,0.0,2
1,6,201,26.0,18.0,5.0,3.0,0.0,0.0,0.0,2
1,6,202,11.0,11.0,0.0,0.0,0.0,0.0,0.0,2
1,7,101,19.0,17.0,2.0,0.0,0.0,0.0,0.0,2
1,7,201,25.0,17.0,6.0,2.0,0.0,0.0,0.0,2
1,8,101,14.0,10.0,2.0,2.0,0.0,0.0,0.0,2
1,8,102,10.0,9.0,1.0,0.0,0.0,0.0,0.0,2
1,8,201,15.0,9.0,4.0,2.0,0.0,0.0,0.0,2
1,9,101,7.0,5.0,2.0,0.0,0.0,0.0,0.0,2
1,9,201,6.0,4.0,2.0,0.0,0.0,0.0,0.0,2
1,10,101,6.0,2.0,3.0,1.0,0.0,0.0,0.0,2
1,10,201,8.0,5.0,3.0,0.0,0.0,0.0,0.0,2
1,11,101,8.0,5.0,3.0,0.0,0.0,0.0,0.0,2
1,11,201,7.0,7.0,0.0,0.0,0.0,0.0,0.0,2
1,12,101,8.0,6.0,2.0,0.0,0.0,0.0,0.0,2
1,12,201,7.0,4.0,3.0,0.0,0.0,0.0,0.0,2
1,13,101,7.0,6.0,1.0,0.0,0.0,0.0,0.0,2
1,13,201,8.0,6.0,2.0,0.0,0.0,0.0,0.0,2
1,14,101,6.0,1.0,3.0,2.0,0.0,0.0,0.0,2
1,14,102,7.0,5.0,2.0,0.0,0.0,0.0,0.0,2
1,14,201,7.0,6.0,1.0,0.0,0.0,0.0,0.0,2
2,1,101,15.0,10.0,3.0,2.0,0.0,0.0,0.0,2
2,1,201,15.0,9.0,4.0,2.0,0.0,0.0,0.0,2
2,2,101,15.0,9.0,3.0,3.0,0.0,0.0,0.0,2
2,2,102,12.0,11.0,1.0,0.0,0.0,0.0,0.0,2
2,2,201,15.0,9.0,4.0,2.0,0.0,0.0,0.0,2
2,2,202,13.0,13.0,0.0,0.0,0.0,0.0,0.0,2
2,3,101,13.0,10.0,1.0,2.0,0.0,0.0,0.0,2
2,3,201,18.0,11.0,4.0,3.0,0.0,0.0,0.0,2
2,3,202,10.0,10.0,0.0,0.0,0.0,0.0,0.0,2
2,4,101,11.0,5.0,4.0,2.0,0.0,0.0,0.0,2
2,4,201,16.0,12.0,4.0,0.0,0.0,0.0,0.0,2
2,5,101,15.0,9.0,3.0,3.0,0.0,0.0,0.0,2
2,5,102,10.0,10.0,0.0,0.0,0.0,0.0,0.0,2
2,5,201,13.0,12.0,1.0,0.0,0.0,0.0,0.0,2
2,6,101,11.0,6.0,3.0,2.0,0.0,0.0,0.0,2
2,6,201,11.0,11.0,0.0,0.0,0.0,0.0,0.0,2
2,7,101,28.0,19.0,5.0,4.0,0.0,0.0,0.0,2
2,7,201,15.0,11.0,4.0,0.0,0.0,0.0,0.0,2
2,8,101,13.0,8.0,3.0,2.0,0.0,0.0,0.0,2
2,9,101,7.0,4.0,3.0,0.0,0.0,0.0,0.0,2
2,9,201,7.0,2.0,3.0,2.0,0.0,0.0,0.0,2
2,10,101,8.0,3.0,3.0,2.0,0.0,0.0,0.0,2
2,10,201,7.0,4.0,3.0,0.0,0.0,0.0,0.0,2
2,11,101,7.0,7.0,0.0,0.0,0.0,0.0,0.0,2
2,11,201,7.0,5.0,2.0,0.0,0.0,0.0,0.0,2
2,12,101,7.0,2.0,3.0,2.0,0.0,0.0,0.0,2
2,12,201,8.0,4.0,3.0,1.0,0.0,0.0,0.0,2
2,13,101,7.0,3.0,4.0,0.0,0.0,0.0,0.0,2
2,13,201,8.0,7.0,1.0,0.0,0.0,0.0,0.0,2
2,14,101,6.0,2.0,3.0,1.0,0.0,0.0,0.0,2
2,14,201,8.0,5.0,3.0,0.0,0.0,0.0,0.0,2
3,1,101,28.0,18.0,6.0,4.0,0.0,0.0,0.0,2
3,1,102,11.0,10.0,1.0,0.0,0.0,0.0,0.0,2
3,1,201,29.0,18.0,7.0,4.0,0.0,0.0,0.0,2
3,1,202,13.0,13.0,0.0,0.0,0.0,0.0,0.0,2
3,2,101,14.0,12.0,2.0,0.0,0.0,0.0,0.0,2
3,2,201,13.0,11.0,2.0,0.0,0.0,0.0,0.0,2
3,3,101,16.0,11.0,3.0,2.0,0.0,0.0,0.0,2
3,3,201,14.0,12.0,2.0,0.0,0.0,0.0,0.0,2
3,4,101,15.0,11.0,2.0,2.0,0.0,0.0,0.0,2
3,4,102,10.0,10.0,0.0,0.0,0.0,0.0,0.0,2
3,4,201,29.0,18.0,6.0,5.0,0.0,0.0,0.0,2
3,5,101,16.0,10.0,4.0,2.0,0.0,0.0,0.0,2
3,5,201,27.0,20.0,5.0,2.0,0.0,0.0,0.0,2
3,6,101,15.0,10.0,4.0,1.0,0.0,0.0,0.0,2
3,6,201,15.0,8.0,5.0,2.0,0.0,0.0,0.0,2
3,7,101,28.0,20.0,5.0,3.0,0.0,0.0,0.0,2
3,7,201,29.0,20.0,6.0,3.0,0.0,0.0,0.0,2
3,7,202,0.0,0.0,0.0,0.0,0.0,0.0,0.0,2
3,8,101,15.0,10.0,3.0,2.0,0.0,0.0,0.0,2
3,8,201,23.0,16.0,5.0,2.0,0.0,0.0,0.0,2
3,8,202,11.0,11.0,0.0,0.0,0.0,0.0,0.0,2
3,9,101,8.0,4.0,3.0,1.0,0.0,0.0,0.0,2
3,9,201,7.0,7.0,0.0,0.0,0.0,0.0,0.0,2
3,10,101,7.0,5.0,2.0,0.0,0.0,0.0,0.0,2
3,10,201,7.0,5.0,2.0,0.0,0.0,0.0,0.0,2
3,11,101,6.0,3.0,3.0,0.0,0.0,0.0,0.0,2
3,11,201,8.0,6.0,2.0,0.0,0.0,0.0,0.0,2
3,12,101,8.0,6.0,1.0,1.0,0.0,0.0,0.0,2
3,12,201,7.0,5.0,2.0,0.0,0.0,0.0,0.0,2
3,13,101,8.0,5.0,3.0,0.0,0.0,0.0,0.0,2
3,13,201,7.0,7.0,0.0,0.0,0.0,0.0,0.0,2
3,14,101,7.0,4.0,3.0,0.0,0.0,0.0,0.0,2
3,14,201,8.0,6.0,2.0,0.0,0.0,0.0,0.0,2
5,1,101,15.0,11.0,2.0,2.0,0.0,0.0,0.0,2
5,1,201,15.0,12.0,3.0,0.0,0.0,0.0,0.0,2
5,2,101,6.0,6.0,0.0,0.0,0.0,0.0,0.0,2
5,2,201,10.0,10.0,0.0,0.0,0.0,0.0,0.0,2
5,3,101,13.0,10.0,3.0,0.0,0.0,0.0,0.0,2
5,3,201,22.0,18.0,4.0,0.0,0.0,0.0,0.0,2
5,4,101,9.0,8.0,1.0,0.0,0.0,0.0,0.0,2
5,4,201,11.0,9.0,2.0,0.0,0.0,0.0,0.0,2
5,5,101,11.0,11.0,0.0,0.0,0.0,0.0,0.0,2
5,5,201,13.0,11.0,1.0,1.0,0.0,0.0,0.0,2
5,6,101,12.0,12.0,0.0,0.0,0.0,0.0,0.0,2
5,7,101,8.0,4.0,3.0,1.0,0.0,0.0,0.0,2
5,7,201,7.0,6.0,1.0,0.0,0.0,0.0,0.0,2
5,8,101,8.0,7.0,1.0,0.0,0.0,0.0,0.0,2
5,8,201,7.0,6.0,1.0,0.0,0.0,0.0,0.0,2
5,9,101,7.0,7.0,0.0,0.0,0.0,0.0,0.0,2
6,1,101,33.0,23.0,9.0,1.0,0.0,0.0,0.0,2
6,1,102,8.0,8.0,0.0,0.0,0.0,0.0,0.0,2
6,1,201,14.0,9.0,3.0,2.0,0.0,0.0,0.0,2
6,2,101,13.0,13.0,0.0,0.0,0.0,0.0,0.0,2
6,2,201,8.0,8.0,0.0,0.0,0.0,0.0,0.0,2
6,3,101,9.0,9.0,0.0,0.0,0.0,0.0,0.0,2
6,3,201,14.0,11.0,3.0,0.0,0.0,0.0,0.0,2
6,4,101,24.0,15.0,5.0,2.0,2.0,0.0,0.0,2
6,4,102,12.0,12.0,0.0,0.0,0.0,0.0,0.0,2
6,4,201,17.0,11.0,3.0,3.0,0.0,0.0,0.0,2
6,4,202,13.0,13.0,0.0,0.0,0.0,0.0,0.0,2
6,5,101,27.0,18.0,5.0,4.0,0.0,0.0,0.0,2
6,5,102,14.0,14.0,0.0,0.0,0.0,0.0,0.0,2
6,5,201,35.0,21.0,6.0,5.0,3.0,0.0,0.0,2
6,5,202,12.0,12.0,0.0,0.0,0.0,0.0,0.0,2
6,6,101,13.0,10.0,3.0,0.0,0.0,0.0,0.0,2
6,6,201,9.0,4.0,2.0,3.0,0.0,0.0,0.0,2
6,6,202,10.0,10.0,0.0,0.0,0.0,0.0,0.0,2
6,7,101,7.0,4.0,3.0,0.0,0.0,0.0,0.0,2
6,7,201,7.0,4.0,3.0,0.0,0.0,0.0,0.0,2
6,8,201,6.0,5.0,1.0,0.0,0.0,0.0,0.0,2
6,9,101,7.0,5.0,2.0,0.0,0.0,0.0,0.0,2
6,9,201,7.0,6.0,1.0,0.0,0.0,0.0,0.0,2
6,10,101,8.0,3.0,2.0,3.0,0.0,0.0,0.0,2
6,10,102,6.0,6.0,0.0,0.0,0.0,0.0,0.0,2
6,10,201,8.0,6.0,2.0,0.0,0.0,0.0,0.0,2
6,11,101,6.0,4.0,2.0,0.0,0.0,0.0,0.0,2
6,11,201,7.0,2.0,2.0,3.0,0.0,0.0,0.0,2
6,11,202,7.0,7.0,0.0,0.0,0.0,0.0,0.0,2
1,1,101,15.0,12.0,3.0,0.0,0.0,0.0,0.0,3
1,1,201,16.0,9.0,4.0,3.0,0.0,0.0,0.0,3
1,1,202,13.0,12.0,1.0,0.0,0.0,0.0,0.0,3
1,2,101,20.0,12.0,3.0,5.0,0.0,0.0,0.0,3
1,2,102,13.0,12.0,1.0,0.0,0.0,0.0,0.0,3
1,2,201,17.0,9.0,3.0,5.0,0.0,0.0,0.0,3
1,2,202,15.0,13.0,2.0,0.0,0.0,0.0,0.0,3
1,3,101,17.0,10.0,3.0,0.0,4.0,0.0,0.0,3
1,3,102,14.0,11.0,3.0,0.0,0.0,0.0,0.0,3
1,3,201,16.0,9.0,4.0,0.0,3.0,0.0,0.0,3
1,3,202,15.0,13.0,2.0,0.0,0.0,0.0,0.0,3
1,4,101,18.0,10.0,3.0,0.0,5.0,0.0,0.0,3
1,4,102,15.0,13.0,2.0,0.0,0.0,0.0,0.0,3
1,4,201,16.0,9.0,3.0,0.0,4.0,0.0,0.0,3
1,4,202,14.0,13.0,1.0,0.0,0.0,0.0,0.0,3
1,5,101,16.0,10.0,2.0,0.0,4.0,0.0,0.0,3
1,5,102,14.0,13.0,1.0,0.0,0.0,0.0,0.0,3
1,5,201,34.0,23.0,6.0,0.0,5.0,0.0,0.0,3
1,5,202,12.0,12.0,0.0,0.0,0.0,0.0,0.0,3
1,6,101,16.0,9.0,3.0,0.0,4.0,0.0,0.0,3
1,6,102,12.0,11.0,1.0,0.0,0.0,0.0,0.0,3
1,6,201,28.0,17.0,5.0,0.0,6.0,0.0,0.0,3
1,6,202,13.0,13.0,0.0,0.0,0.0,0.0,0.0,3
1,7,101,22.0,18.0,2.0,0.0,2.0,0.0,0.0,3
1,7,201,26.0,11.0,7.0,0.0,5.0,0.0,0.0,3
1,8,101,16.0,9.0,4.0,0.0,3.0,0.0,0.0,3
1,8,102,15.0,12.0,3.0,0.0,0.0,0.0,0.0,3
1,8,201,15.0,8.0,3.0,0.0,4.0,0.0,0.0,3
1,9,101,7.0,4.0,3.0,0.0,0.0,0.0,0.0,3
1,9,201,7.0,4.0,3.0,0.0,0.0,0.0,0.0,3
1,10,101,6.0,1.0,2.0,3.0,0.0,0.0,0.0,3
1,10,102,7.0,7.0,0.0,0.0,0.0,0.0,0.0,3
1,10,201,8.0,5.0,3.0,0.0,0.0,0.0,0.0,3
1,11,101,8.0,5.0,2.0,1.0,0.0,0.0,0.0,3
1,11,201,7.0,5.0,2.0,0.0,0.0,0.0,0.0,3
1,12,101,6.0,3.0,3.0,0.0,0.0,0.0,0.0,3
1,12,201,8.0,4.0,2.0,2.0,0.0,0.0,0.0,3
1,13,101,8.0,6.0,2.0,0.0,0.0,0.0,0.0,3
1,13,201,8.0,6.0,2.0,0.0,0.0,0.0,0.0,3
1,14,101,7.0,5.0,2.0,0.0,0.0,0.0,0.0,3
1,14,201,7.0,4.0,3.0,0.0,0.0,0.0,0.0,3
2,1,101,15.0,9.0,2.0,4.0,0.0,0.0,0.0,3
2,1,102,14.0,12.0,2.0,0.0,0.0,0.0,0.0,3
2,1,201,16.0,9.0,4.0,3.0,0.0,0.0,0.0,3
2,1,202,22.0,19.0,3.0,0.0,0.0,0.0,0.0,3
2,2,101,15.0,7.0,3.0,5.0,0.0,0.0,0.0,3
2,2,102,13.0,9.0,4.0,0.0,0.0,0.0,0.0,3
2,2,201,15.0,7.0,4.0,4.0,0.0,0.0,0.0,3
2,2,202,14.0,11.0,3.0,0.0,0.0,0.0,0.0,3
2,3,101,14.0,10.0,1.0,0.0,3.0,0.0,0.0,3
2,3,201,19.0,10.0,4.0,0.0,5.0,0.0,0.0,3
2,3,202,13.0,11.0,2.0,0.0,0.0,0.0,0.0,3
2,4,101,10.0,3.0,3.0,0.0,4.0,0.0,0.0,3
2,4,201,16.0,11.0,3.0,0.0,2.0,0.0,0.0,3
2,5,101,16.0,10.0,2.0,0.0,4.0,0.0,0.0,3
2,5,102,15.0,15.0,0.0,0.0,0.0,0.0,0.0,3
2,5,201,16.0,13.0,3.0,0.0,0.0,0.0,0.0,3
2,6,101,11.0,6.0,1.0,0.0,4.0,0.0,0.0,3
2,6,102,14.0,12.0,2.0,0.0,0.0,0.0,0.0,3
2,6,201,12.0,9.0,3.0,0.0,0.0,0.0,0.0,3
2,7,101,33.0,19.0,7.0,0.0,7.0,0.0,0.0,3
2,7,201,14.0,9.0,3.0,0.0,2.0,0.0,0.0,3
2,8,101,16.0,9.0,3.0,0.0,4.0,0.0,0.0,3
2,9,101,8.0,5.0,2.0,1.0,0.0,0.0,0.0,3
2,9,201,7.0,1.0,2.0,4.0,0.0,0.0,0.0,3
2,10,101,8.0,1.0,4.0,3.0,0.0,0.0,0.0,3
2,10,201,7.0,3.0,2.0,2.0,0.0,0.0,0.0,3
2,10,202,6.0,6.0,0.0,0.0,0.0,0.0,0.0,3
2,11,101,7.0,7.0,0.0,0.0,0.0,0.0,0.0,3
2,11,201,7.0,3.0,3.0,1.0,0.0,0.0,0.0,3
2,12,101,8.0,2.0,2.0,4.0,0.0,0.0,0.0,3
2,12,201,8.0,3.0,2.0,3.0,0.0,0.0,0.0,3
2,13,101,7.0,3.0,2.0,2.0,0.0,0.0,0.0,3
2,13,201,8.0,5.0,3.0,0.0,0.0,0.0,0.0,3
2,14,101,7.0,2.0,2.0,3.0,0.0,0.0,0.0,3
2,14,201,7.0,3.0,3.0,1.0,0.0,0.0,0.0,3
3,1,101,31.0,18.0,6.0,7.0,0.0,0.0,0.0,3
3,1,102,13.0,11.0,2.0,0.0,0.0,0.0,0.0,3
3,1,201,32.0,18.0,7.0,7.0,0.0,0.0,0.0,3
3,1,202,13.0,10.0,3.0,0.0,0.0,0.0,0.0,3
3,2,101,16.0,13.0,3.0,0.0,0.0,0.0,0.0,3
3,2,201,16.0,12.0,4.0,0.0,0.0,0.0,0.0,3
3,3,101,17.0,10.0,3.0,0.0,4.0,0.0,0.0,3
3,3,201,15.0,11.0,4.0,0.0,0.0,0.0,0.0,3
3,4,101,16.0,10.0,2.0,0.0,4.0,0.0,0.0,3
3,4,102,13.0,12.0,1.0,0.0,0.0,0.0,0.0,3
3,4,201,30.0,16.0,6.0,0.0,8.0,0.0,0.0,3
3,4,202,16.0,14.0,2.0,0.0,0.0,0.0,0.0,3
3,5,101,18.0,10.0,4.0,0.0,4.0,0.0,0.0,3
3,5,102,14.0,13.0,1.0,0.0,0.0,0.0,0.0,3
3,5,201,29.0,16.0,7.0,0.0,6.0,0.0,0.0,3
3,5,202,14.0,14.0,0.0,0.0,0.0,0.0,0.0,3
3,6,101,16.0,9.0,4.0,0.0,3.0,0.0,0.0,3
3,6,102,12.0,12.0,0.0,0.0,0.0,0.0,0.0,3
3,6,201,17.0,9.0,4.0,0.0,4.0,0.0,0.0,3
3,6,202,10.0,10.0,0.0,0.0,0.0,0.0,0.0,3
3,7,101,29.0,14.0,5.0,0.0,7.0,0.0,0.0,3
3,7,201,32.0,17.0,8.0,0.0,7.0,0.0,0.0,3
3,7,202,14.0,12.0,2.0,0.0,0.0,0.0,0.0,3
3,8,101,15.0,9.0,3.0,0.0,3.0,0.0,0.0,3
3,8,102,13.0,13.0,0.0,0.0,0.0,0.0,0.0,3
3,8,201,27.0,17.0,5.0,0.0,5.0,0.0,0.0,3
3,8,202,13.0,13.0,0.0,0.0,0.0,0.0,0.0,3
3,9,101,0.0,0.0,0.0,0.0,0.0,0.0,0.0,3
3,10,101,7.0,3.0,4.0,0.0,0.0,0.0,0.0,3
3,10,201,7.0,4.0,3.0,0.0,0.0,0.0,0.0,3
3,11,101,6.0,2.0,3.0,1.0,0.0,0.0,0.0,3
3,11,201,7.0,4.0,3.0,0.0,0.0,0.0,0.0,3
3,12,101,7.0,5.0,1.0,1.0,0.0,0.0,0.0,3
3,12,201,7.0,3.0,3.0,1.0,0.0,0.0,0.0,3
3,13,101,6.0,2.0,3.0,1.0,0.0,0.0,0.0,3
3,13,201,7.0,5.0,2.0,0.0,0.0,0.0,0.0,3
3,14,101,7.0,3.0,2.0,2.0,0.0,0.0,0.0,3
3,14,201,7.0,4.0,2.0,1.0,0.0,0.0,0.0,3
5,1,101,16.0,10.0,2.0,4.0,0.0,0.0,0.0,3
5,1,201,13.0,8.0,3.0,2.0,0.0,0.0,0.0,3
5,2,101,6.0,3.0,3.0,0.0,0.0,0.0,0.0,3
5,2,201,11.0,10.0,1.0,0.0,0.0,0.0,0.0,3
5,3,101,14.0,10.0,3.0,1.0,0.0,0.0,0.0,3
5,3,201,24.0,18.0,3.0,3.0,0.0,0.0,0.0,3
5,3,202,16.0,16.0,0.0,0.0,0.0,0.0,0.0,3
5,4,101,14.0,11.0,3.0,0.0,0.0,0.0,0.0,3
5,4,201,16.0,11.0,3.0,2.0,0.0,0.0,0.0,3
5,5,101,12.0,9.0,3.0,0.0,0.0,0.0,0.0,3
5,5,201,10.0,4.0,4.0,2.0,0.0,0.0,0.0,3
5,6,101,12.0,11.0,1.0,0.0,0.0,0.0,0.0,3
5,6,201,26.0,16.0,4.0,6.0,0.0,0.0,0.0,3
5,6,202,14.0,12.0,2.0,0.0,0.0,0.0,0.0,3
5,7,101,7.0,2.0,2.0,3.0,0.0,0.0,0.0,3
5,7,201,7.0,6.0,1.0,0.0,0.0,0.0,0.0,3
5,8,101,7.0,5.0,2.0,0.0,0.0,0.0,0.0,3
5,8,201,7.0,4.0,3.0,0.0,0.0,0.0,0.0,3
5,9,101,8.0,6.0,2.0,0.0,0.0,0.0,0.0,3
6,1,101,41.0,30.0,5.0,0.0,6.0,0.0,0.0,3
6,1,102,12.0,11.0,1.0,0.0,0.0,0.0,0.0,3
6,2,101,17.0,13.0,4.0,0.0,0.0,0.0,0.0,3
6,2,201,10.0,7.0,3.0,0.0,0.0,0.0,0.0,3
6,3,101,13.0,11.0,2.0,0.0,0.0,0.0,0.0,3
6,3,201,15.0,10.0,4.0,0.0,1.0,0.0,0.0,3
6,4,101,27.0,13.0,7.0,4.0,3.0,0.0,0.0,3
6,4,102,13.0,10.0,3.0,0.0,0.0,0.0,0.0,3
6,4,201,16.0,8.0,3.0,0.0,4.0,1.0,0.0,3
6,4,202,12.0,10.0,2.0,0.0,0.0,0.0,0.0,3
6,5,102,13.0,11.0,2.0,0.0,0.0,0.0,0.0,3
6,5,201,40.0,22.0,7.0,5.0,3.0,3.0,0.0,3
6,5,202,12.0,11.0,1.0,0.0,0.0,0.0,0.0,3
6,6,101,16.0,11.0,3.0,2.0,0.0,0.0,0.0,3
6,6,201,14.0,8.0,1.0,2.0,3.0,0.0,0.0,3
6,6,202,14.0,12.0,2.0,0.0,0.0,0.0,0.0,3
6,7,101,8.0,4.0,3.0,1.0,0.0,0.0,0.0,3
6,7,201,8.0,4.0,3.0,1.0,0.0,0.0,0.0,3
6,7,202,6.0,6.0,0.0,0.0,0.0,0.0,0.0,3
6,8,201,7.0,5.0,2.0,0.0,0.0,0.0,0.0,3
6,9,101,7.0,4.0,3.0,0.0,0.0,0.0,0.0,3
6,9,201,8.0,6.0,2.0,0.0,0.0,0.0,0.0,3
6,10,101,8.0,3.0,2.0,3.0,0.0,0.0,0.0,3
6,10,102,8.0,8.0,0.0,0.0,0.0,0.0,0.0,3
6,10,201,8.0,5.0,3.0,0.0,0.0,0.0,0.0,3
6,11,101,7.0,3.0,3.0,1.0,0.0,0.0,0.0,3
6,11,201,8.0,2.0,3.0,3.0,0.0,0.0,0.0,3
6,11,202,7.0,7.0,0.0,0.0,0.0,0.0,0.0,3
1,1,101,16.0,10.0,3.0,3.0,0.0,0.0,0.0,4
1,1,201,17.0,9.0,3.0,4.0,1.0,0.0,0.0,4
1,1,202,16.0,12.0,4.0,0.0,0.0,0.0,0.0,4
1,2,101,21.0,12.0,2.0,4.0,2.0,1.0,0.0,4
1,2,102,16.0,14.0,2.0,0.0,0.0,0.0,0.0,4
1,2,201,19.0,10.0,3.0,2.0,2.0,2.0,0.0,4
1,2,202,16.0,12.0,4.0,0.0,0.0,0.0,0.0,4
1,3,101,18.0,9.0,2.0,4.0,2.0,1.0,0.0,4
1,3,102,16.0,11.0,4.0,1.0,0.0,0.0,0.0,4
1,3,201,16.0,7.0,4.0,3.0,2.0,0.0,0.0,4
1,3,202,15.0,12.0,3.0,0.0,0.0,0.0,0.0,4
1,4,101,21.0,11.0,3.0,4.0,1.0,2.0,0.0,4
1,4,102,17.0,12.0,3.0,2.0,0.0,0.0,0.0,4
1,4,201,18.0,9.0,2.0,3.0,2.0,2.0,0.0,4
1,4,202,16.0,12.0,3.0,1.0,0.0,0.0,0.0,4
1,5,101,17.0,8.0,3.0,2.0,3.0,1.0,0.0,4
1,5,102,16.0,12.0,3.0,1.0,0.0,0.0,0.0,4
1,5,201,36.0,21.0,6.0,5.0,4.0,0.0,0.0,4
1,5,202,15.0,14.0,1.0,0.0,0.0,0.0,0.0,4
1,6,101,17.0,8.0,3.0,3.0,2.0,1.0,0.0,4
1,6,102,13.0,11.0,2.0,0.0,0.0,0.0,0.0,4
1,6,201,31.0,16.0,6.0,3.0,5.0,1.0,0.0,4
1,6,202,16.0,14.0,2.0,0.0,0.0,0.0,0.0,4
1,7,101,28.0,22.0,2.0,4.0,0.0,0.0,0.0,4
1,7,201,31.0,19.0,5.0,6.0,1.0,0.0,0.0,4
1,7,202,14.0,12.0,2.0,0.0,0.0,0.0,0.0,4
1,8,101,18.0,10.0,2.0,3.0,2.0,1.0,0.0,4
1,8,102,17.0,12.0,3.0,2.0,0.0,0.0,0.0,4
1,8,201,17.0,8.0,3.0,1.0,3.0,2.0,0.0,4
1,8,202,16.0,13.0,3.0,0.0,0.0,0.0,0.0,4
1,9,101,6.0,3.0,0.0,3.0,0.0,0.0,0.0,4
1,9,201,7.0,2.0,2.0,3.0,0.0,0.0,0.0,4
1,10,101,7.0,1.0,1.0,3.0,2.0,0.0,0.0,4
1,10,102,7.0,6.0,1.0,0.0,0.0,0.0,0.0,4
1,10,201,7.0,2.0,3.0,2.0,0.0,0.0,0.0,4
1,11,101,8.0,3.0,2.0,3.0,0.0,0.0,0.0,4
1,11,201,7.0,4.0,1.0,2.0,0.0,0.0,0.0,4
1,12,101,7.0,3.0,2.0,2.0,0.0,0.0,0.0,4
1,12,201,7.0,1.0,2.0,4.0,0.0,0.0,0.0,4
1,13,101,7.0,4.0,1.0,2.0,0.0,0.0,0.0,4
1,13,201,8.0,4.0,2.0,2.0,0.0,0.0,0.0,4
1,14,101,6.0,1.0,0.0,3.0,1.0,1.0,0.0,4
1,14,102,7.0,3.0,2.0,2.0,0.0,0.0,0.0,4
1,14,201,7.0,2.0,3.0,2.0,0.0,0.0,0.0,4
2,1,101,17.0,8.0,4.0,4.0,0.0,1.0,0.0,4
2,1,102,16.0,11.0,4.0,1.0,0.0,0.0,0.0,4
2,1,201,16.0,8.0,3.0,3.0,2.0,0.0,0.0,4
2,1,202,27.0,21.0,5.0,1.0,0.0,0.0,0.0,4
2,2,101,17.0,8.0,3.0,5.0,0.0,1.0,0.0,4
2,2,102,16.0,11.0,4.0,1.0,0.0,0.0,0.0,4
2,2,201,16.0,7.0,3.0,3.0,3.0,0.0,0.0,4
2,2,202,15.0,11.0,2.0,2.0,0.0,0.0,0.0,4
2,3,101,15.0,10.0,2.0,0.0,2.0,1.0,0.0,4
2,3,102,14.0,13.0,1.0,0.0,0.0,0.0,0.0,4
2,3,201,18.0,8.0,4.0,3.0,2.0,1.0,0.0,4
2,3,202,17.0,14.0,2.0,1.0,0.0,0.0,0.0,4
2,4,101,11.0,4.0,2.0,3.0,1.0,1.0,0.0,4
2,4,102,15.0,11.0,4.0,0.0,0.0,0.0,0.0,4
2,4,201,16.0,9.0,3.0,3.0,1.0,0.0,0.0,4
2,4,202,14.0,13.0,1.0,0.0,0.0,0.0,0.0,4
2,5,101,19.0,10.0,3.0,6.0,0.0,0.0,0.0,4
2,5,102,16.0,13.0,3.0,0.0,0.0,0.0,0.0,4
2,5,201,17.0,11.0,4.0,1.0,1.0,0.0,0.0,4
2,6,101,12.0,7.0,0.0,3.0,1.0,1.0,0.0,4
2,6,102,16.0,12.0,4.0,0.0,0.0,0.0,0.0,4
2,6,201,16.0,11.0,3.0,2.0,0.0,0.0,0.0,4
2,7,101,35.0,19.0,6.0,10.0,0.0,0.0,0.0,4
2,7,102,16.0,13.0,3.0,0.0,0.0,0.0,0.0,4
2,7,201,18.0,12.0,2.0,2.0,2.0,0.0,0.0,4
2,7,202,14.0,14.0,0.0,0.0,0.0,0.0,0.0,4
2,8,101,18.0,10.0,2.0,4.0,0.0,2.0,0.0,4
2,8,102,15.0,13.0,2.0,0.0,0.0,0.0,0.0,4
2,8,201,12.0,12.0,0.0,0.0,0.0,0.0,0.0,4
2,9,101,7.0,2.0,2.0,3.0,0.0,0.0,0.0,4
2,9,201,7.0,0.0,0.0,4.0,3.0,0.0,0.0,4
2,9,202,7.0,4.0,3.0,0.0,0.0,0.0,0.0,4
2,10,101,7.0,0.0,2.0,5.0,0.0,0.0,0.0,4
2,10,201,7.0,1.0,2.0,4.0,0.0,0.0,0.0,4
2,10,202,8.0,8.0,0.0,0.0,0.0,0.0,0.0,4
2,11,101,7.0,7.0,0.0,0.0,0.0,0.0,0.0,4
2,11,201,8.0,2.0,1.0,4.0,1.0,0.0,0.0,4
2,12,101,8.0,1.0,2.0,4.0,1.0,0.0,0.0,4
2,12,201,7.0,0.0,2.0,4.0,1.0,0.0,0.0,4
2,13,101,7.0,2.0,2.0,3.0,0.0,0.0,0.0,4
2,13,201,8.0,4.0,2.0,2.0,0.0,0.0,0.0,4
2,14,101,7.0,1.0,2.0,4.0,0.0,0.0,0.0,4
2,14,201,8.0,3.0,1.0,4.0,0.0,0.0,0.0,4
3,1,101,35.0,21.0,4.0,5.0,3.0,2.0,0.0,4
3,1,102,17.0,12.0,4.0,1.0,0.0,0.0,0.0,4
3,1,201,36.0,20.0,4.0,9.0,2.0,1.0,0.0,4
3,1,202,17.0,12.0,3.0,2.0,0.0,0.0,0.0,4
3,2,101,18.0,12.0,4.0,2.0,0.0,0.0,0.0,4
3,2,201,17.0,11.0,3.0,2.0,1.0,0.0,0.0,4
3,3,101,18.0,10.0,3.0,2.0,3.0,0.0,0.0,4
3,3,102,14.0,12.0,2.0,0.0,0.0,0.0,0.0,4
3,3,201,17.0,12.0,3.0,1.0,1.0,0.0,0.0,4
3,3,202,11.0,11.0,0.0,0.0,0.0,0.0,0.0,4
3,4,101,18.0,11.0,2.0,2.0,2.0,1.0,0.0,4
3,4,102,15.0,11.0,2.0,2.0,0.0,0.0,0.0,4
3,4,201,39.0,22.0,6.0,5.0,3.0,3.0,0.0,4
3,4,202,16.0,13.0,2.0,1.0,0.0,0.0,0.0,4
3,5,101,20.0,12.0,2.0,2.0,2.0,2.0,0.0,4
3,5,102,14.0,11.0,3.0,0.0,0.0,0.0,0.0,4
3,5,201,32.0,15.0,8.0,7.0,1.0,1.0,0.0,4
3,5,202,16.0,13.0,3.0,0.0,0.0,0.0,0.0,4
3,6,101,18.0,10.0,3.0,3.0,2.0,0.0,0.0,4
3,6,102,14.0,13.0,1.0,0.0,0.0,0.0,0.0,4
3,6,201,18.0,8.0,3.0,3.0,2.0,2.0,0.0,4
3,6,202,14.0,12.0,2.0,0.0,0.0,0.0,0.0,4
3,7,101,30.0,16.0,6.0,3.0,4.0,1.0,0.0,4
3,7,102,11.0,11.0,0.0,0.0,0.0,0.0,0.0,4
3,7,201,33.0,17.0,6.0,1.0,6.0,3.0,0.0,4
3,7,202,16.0,12.0,3.0,1.0,0.0,0.0,0.0,4
3,8,101,16.0,9.0,2.0,3.0,2.0,0.0,0.0,4
3,8,102,15.0,13.0,2.0,0.0,0.0,0.0,0.0,4
3,8,201,28.0,14.0,6.0,3.0,5.0,0.0,0.0,4
3,8,202,15.0,13.0,2.0,0.0,0.0,0.0,0.0,4
3,9,101,8.0,3.0,2.0,3.0,0.0,0.0,0.0,4
3,9,102,7.0,7.0,0.0,0.0,0.0,0.0,0.0,4
3,9,201,8.0,6.0,1.0,1.0,0.0,0.0,0.0,4
3,10,101,8.0,4.0,2.0,2.0,0.0,0.0,0.0,4
3,10,102,7.0,7.0,0.0,0.0,0.0,0.0,0.0,4
3,10,201,7.0,3.0,2.0,2.0,0.0,0.0,0.0,4
3,11,101,6.0,1.0,1.0,4.0,0.0,0.0,0.0,4
3,11,201,7.0,2.0,2.0,3.0,0.0,0.0,0.0,4
3,12,101,6.0,3.0,1.0,1.0,1.0,0.0,0.0,4
3,12,201,7.0,2.0,2.0,3.0,0.0,0.0,0.0,4
3,13,101,7.0,2.0,3.0,2.0,0.0,0.0,0.0,4
3,13,201,7.0,3.0,2.0,2.0,0.0,0.0,0.0,4
3,14,101,7.0,1.0,2.0,2.0,2.0,0.0,0.0,4
3,14,201,7.0,2.0,2.0,3.0,0.0,0.0,0.0,4
5,1,101,16.0,10.0,1.0,4.0,1.0,0.0,0.0,4
5,1,102,14.0,14.0,0.0,0.0,0.0,0.0,0.0,4
5,1,201,17.0,12.0,2.0,3.0,0.0,0.0,0.0,4
5,1,202,12.0,12.0,0.0,0.0,0.0,0.0,0.0,4
5,2,101,12.0,8.0,3.0,1.0,0.0,0.0,0.0,4
5,2,201,16.0,15.0,1.0,0.0,0.0,0.0,0.0,4
5,3,101,17.0,12.0,3.0,2.0,0.0,0.0,0.0,4
5,3,102,20.0,20.0,0.0,0.0,0.0,0.0,0.0,4
5,3,201,28.0,20.0,4.0,4.0,0.0,0.0,0.0,4
5,3,202,25.0,24.0,1.0,0.0,0.0,0.0,0.0,4
5,4,101,18.0,12.0,4.0,2.0,0.0,0.0,0.0,4
5,4,201,17.0,11.0,3.0,3.0,0.0,0.0,0.0,4
5,4,202,13.0,13.0,0.0,0.0,0.0,0.0,0.0,4
5,5,101,14.0,14.0,0.0,0.0,0.0,0.0,0.0,4
5,5,201,16.0,13.0,0.0,3.0,0.0,0.0,0.0,4
5,6,101,15.0,12.0,3.0,0.0,0.0,0.0,0.0,4
5,6,201,25.0,15.0,4.0,5.0,1.0,0.0,0.0,4
5,7,101,7.0,2.0,1.0,4.0,0.0,0.0,0.0,4
5,7,201,7.0,4.0,2.0,1.0,0.0,0.0,0.0,4
5,8,101,8.0,5.0,2.0,1.0,0.0,0.0,0.0,4
5,8,201,6.0,3.0,1.0,2.0,0.0,0.0,0.0,4
5,8,202,7.0,7.0,0.0,0.0,0.0,0.0,0.0,4
5,9,101,7.0,4.0,2.0,1.0,0.0,0.0,0.0,4
6,1,101,49.0,30.0,8.0,5.0,6.0,0.0,0.0,4
6,1,102,14.0,11.0,3.0,0.0,0.0,0.0,0.0,4
6,1,201,16.0,7.0,4.0,1.0,4.0,0.0,0.0,4
6,1,202,14.0,13.0,1.0,0.0,0.0,0.0,0.0,4
6,2,101,17.0,11.0,4.0,2.0,0.0,0.0,0.0,4
6,2,201,16.0,11.0,3.0,1.0,1.0,0.0,0.0,4
6,3,101,15.0,11.0,3.0,1.0,0.0,0.0,0.0,4
6,3,201,17.0,11.0,3.0,1.0,2.0,0.0,0.0,4
6,4,101,27.0,13.0,5.0,3.0,3.0,3.0,0.0,4
6,4,102,16.0,11.0,3.0,0.0,2.0,0.0,0.0,4
6,4,201,15.0,6.0,3.0,1.0,2.0,3.0,0.0,4
6,4,202,16.0,12.0,3.0,1.0,0.0,0.0,0.0,4
6,5,101,31.0,20.0,5.0,0.0,4.0,2.0,0.0,4
6,5,102,16.0,12.0,4.0,0.0,0.0,0.0,0.0,4
6,5,202,15.0,13.0,2.0,0.0,0.0,0.0,0.0,4
6,6,101,16.0,9.0,4.0,2.0,1.0,0.0,0.0,4
6,6,201,14.0,7.0,2.0,1.0,1.0,3.0,0.0,4
6,6,202,16.0,12.0,4.0,0.0,0.0,0.0,0.0,4
6,7,101,8.0,3.0,2.0,3.0,0.0,0.0,0.0,4
6,7,201,8.0,4.0,2.0,1.0,1.0,0.0,0.0,4
6,7,202,7.0,7.0,0.0,0.0,0.0,0.0,0.0,4
6,8,201,7.0,4.0,2.0,1.0,0.0,0.0,0.0,4
6,9,101,7.0,3.0,2.0,2.0,0.0,0.0,0.0,4
6,9,201,6.0,1.0,4.0,1.0,0.0,0.0,0.0,4
6,9,202,8.0,8.0,0.0,0.0,0.0,0.0,0.0,4
6,10,101,8.0,1.0,3.0,2.0,1.0,1.0,0.0,4
6,10,102,8.0,8.0,0.0,0.0,0.0,0.0,0.0,4
6,10,201,8.0,4.0,2.0,2.0,0.0,0.0,0.0,4
6,11,101,7.0,3.0,2.0,2.0,0.0,0.0,0.0,4
6,11,201,7.0,0.0,2.0,2.0,2.0,1.0,0.0,4
6,11,202,6.0,6.0,0.0,0.0,0.0,0.0,0.0,4
1,1,101,16.0,9.0,2.0,3.0,1.0,1.0,0.0,5
1,1,102,13.0,12.0,1.0,0.0,0.0,0.0,0.0,5
1,1,201,18.0,8.0,3.0,3.0,0.0,4.0,0.0,5
1,1,202,17.0,11.0,4.0,2.0,0.0,0.0,0.0,5
1,2,101,23.0,12.0,3.0,3.0,0.0,5.0,0.0,5
1,2,102,18.0,13.0,3.0,2.0,0.0,0.0,0.0,5
1,2,201,19.0,9.0,2.0,2.0,1.0,5.0,0.0,5
1,2,202,17.0,12.0,3.0,2.0,0.0,0.0,0.0,5
1,3,101,18.0,6.0,4.0,2.0,0.0,6.0,0.0,5
1,3,102,18.0,11.0,4.0,2.0,0.0,1.0,0.0,5
1,3,103,13.0,12.0,1.0,0.0,0.0,0.0,0.0,5
1,3,201,15.0,6.0,3.0,2.0,1.0,3.0,0.0,5
1,3,202,17.0,12.0,3.0,2.0,0.0,0.0,0.0,5
1,3,203,12.0,12.0,0.0,0.0,0.0,0.0,0.0,5
1,4,101,21.0,8.0,4.0,4.0,0.0,5.0,0.0,5
1,4,102,20.0,12.0,4.0,4.0,0.0,0.0,0.0,5
1,4,103,14.0,13.0,1.0,0.0,0.0,0.0,0.0,5
1,4,201,19.0,8.0,3.0,2.0,1.0,5.0,0.0,5
1,4,202,18.0,12.0,3.0,3.0,0.0,0.0,0.0,5
1,4,203,11.0,11.0,0.0,0.0,0.0,0.0,0.0,5
1,5,101,19.0,7.0,3.0,4.0,0.0,5.0,0.0,5
1,5,102,18.0,9.0,3.0,6.0,0.0,0.0,0.0,5
1,5,201,35.0,12.0,8.0,10.0,2.0,3.0,0.0,5
1,5,202,14.0,8.0,5.0,1.0,0.0,0.0,0.0,5
1,6,101,15.0,4.0,3.0,3.0,1.0,4.0,0.0,5
1,6,102,15.0,10.0,3.0,2.0,0.0,0.0,0.0,5
1,6,201,30.0,13.0,5.0,5.0,2.0,5.0,0.0,5
1,6,202,15.0,9.0,4.0,2.0,0.0,0.0,0.0,5
1,7,101,25.0,9.0,6.0,7.0,1.0,2.0,0.0,5
1,7,102,15.0,14.0,1.0,0.0,0.0,0.0,0.0,5
1,7,201,27.0,10.0,5.0,5.0,2.0,5.0,0.0,5
1,7,202,12.0,8.0,3.0,1.0,0.0,0.0,0.0,5
1,8,101,18.0,7.0,3.0,3.0,2.0,3.0,0.0,5
1,8,102,16.0,8.0,3.0,4.0,1.0,0.0,0.0,5
1,8,103,14.0,14.0,0.0,0.0,0.0,0.0,0.0,5
1,8,201,16.0,5.0,3.0,3.0,2.0,3.0,0.0,5
1,8,202,14.0,8.0,4.0,2.0,0.0,0.0,0.0,5
1,9,101,7.0,2.0,2.0,2.0,1.0,0.0,0.0,5
1,9,102,7.0,7.0,0.0,0.0,0.0,0.0,0.0,5
1,9,201,7.0,1.0,3.0,3.0,0.0,0.0,0.0,5
1,9,202,7.0,6.0,1.0,0.0,0.0,0.0,0.0,5
1,10,101,7.0,1.0,1.0,2.0,1.0,2.0,0.0,5
1,10,102,7.0,4.0,2.0,1.0,0.0,0.0,0.0,5
1,10,201,7.0,1.0,2.0,3.0,1.0,0.0,0.0,5
1,10,202,8.0,8.0,0.0,0.0,0.0,0.0,0.0,5
1,11,101,8.0,2.0,0.0,5.0,1.0,0.0,0.0,5
1,11,201,8.0,0.0,0.0,4.0,2.0,2.0,0.0,5
1,12,101,7.0,2.0,2.0,1.0,2.0,0.0,0.0,5
1,12,102,8.0,8.0,0.0,0.0,0.0,0.0,0.0,5
1,12,201,8.0,1.0,2.0,2.0,0.0,3.0,0.0,5
1,12,202,7.0,4.0,3.0,0.0,0.0,0.0,0.0,5
1,13,101,7.0,2.0,2.0,3.0,0.0,0.0,0.0,5
1,13,201,7.0,1.0,3.0,3.0,0.0,0.0,0.0,5
1,14,101,6.0,0.0,1.0,1.0,2.0,2.0,0.0,5
1,14,102,8.0,2.0,3.0,3.0,0.0,0.0,0.0,5
1,14,103,7.0,7.0,0.0,0.0,0.0,0.0,0.0,5
1,14,201,7.0,1.0,3.0,3.0,0.0,0.0,0.0,5
1,14,202,8.0,8.0,0.0,0.0,0.0,0.0,0.0,5
2,1,101,17.0,7.0,3.0,3.0,0.0,4.0,0.0,5
2,1,102,16.0,9.0,3.0,3.0,0.0,1.0,0.0,5
2,1,103,14.0,13.0,1.0,0.0,0.0,0.0,0.0,5
2,1,201,14.0,4.0,3.0,2.0,0.0,5.0,0.0,5
2,1,202,27.0,17.0,7.0,3.0,0.0,0.0,0.0,5
2,1,203,14.0,13.0,1.0,0.0,0.0,0.0,0.0,5
2,2,101,18.0,7.0,3.0,2.0,0.0,6.0,0.0,5
2,2,102,17.0,10.0,3.0,4.0,0.0,0.0,0.0,5
2,2,103,12.0,12.0,0.0,0.0,0.0,0.0,0.0,5
2,2,201,17.0,6.0,3.0,4.0,0.0,4.0,0.0,5
2,2,202,18.0,11.0,3.0,4.0,0.0,0.0,0.0,5
2,2,203,11.0,11.0,0.0,0.0,0.0,0.0,0.0,5
2,3,101,16.0,9.0,3.0,1.0,0.0,3.0,0.0,5
2,3,102,16.0,11.0,4.0,1.0,0.0,0.0,0.0,5
2,3,201,20.0,8.0,3.0,3.0,0.0,6.0,0.0,5
2,3,202,17.0,10.0,4.0,3.0,0.0,0.0,0.0,5
2,4,101,0.0,0.0,0.0,0.0,0.0,0.0,0.0,5
2,4,102,16.0,9.0,4.0,3.0,0.0,0.0,0.0,5
2,4,103,12.0,11.0,1.0,0.0,0.0,0.0,0.0,5
2,4,201,18.0,9.0,3.0,4.0,1.0,1.0,0.0,5
2,4,202,15.0,12.0,3.0,0.0,0.0,0.0,0.0,5
2,5,101,17.0,5.0,4.0,4.0,0.0,4.0,0.0,5
2,5,102,16.0,9.0,4.0,3.0,0.0,0.0,0.0,5
2,5,201,18.0,10.0,3.0,4.0,1.0,0.0,0.0,5
2,6,101,11.0,5.0,2.0,0.0,2.0,2.0,0.0,5
2,6,102,15.0,8.0,3.0,4.0,0.0,0.0,0.0,5
2,6,201,15.0,7.0,4.0,3.0,1.0,0.0,0.0,5
2,7,101,36.0,16.0,5.0,8.0,3.0,4.0,0.0,5
2,7,102,15.0,8.0,4.0,3.0,0.0,0.0,0.0,5
2,7,201,18.0,7.0,4.0,4.0,2.0,1.0,0.0,5
2,7,202,14.0,12.0,2.0,0.0,0.0,0.0,0.0,5
2,8,101,18.0,6.0,3.0,4.0,2.0,3.0,0.0,5
2,8,102,16.0,10.0,4.0,2.0,0.0,0.0,0.0,5
2,8,201,10.0,10.0,0.0,0.0,0.0,0.0,0.0,5
2,9,101,8.0,2.0,3.0,3.0,0.0,0.0,0.0,5
2,9,102,6.0,6.0,0.0,0.0,0.0,0.0,0.0,5
2,9,201,7.0,0.0,0.0,1.0,2.0,4.0,0.0,5
2,9,202,7.0,3.0,1.0,3.0,0.0,0.0,0.0,5
2,10,101,8.0,0.0,2.0,4.0,2.0,0.0,0.0,5
2,10,102,8.0,4.0,3.0,1.0,0.0,0.0,0.0,5
2,10,201,7.0,0.0,2.0,4.0,1.0,0.0,0.0,5
2,10,202,8.0,6.0,2.0,0.0,0.0,0.0,0.0,5
2,11,101,7.0,7.0,0.0,0.0,0.0,0.0,0.0,5
2,11,201,8.0,2.0,2.0,3.0,1.0,0.0,0.0,5
2,11,202,7.0,6.0,1.0,0.0,0.0,0.0,0.0,5
2,12,101,7.0,0.0,1.0,2.0,3.0,1.0,0.0,5
2,12,102,7.0,3.0,4.0,0.0,0.0,0.0,0.0,5
2,12,201,8.0,1.0,1.0,3.0,2.0,1.0,0.0,5
2,12,202,7.0,4.0,3.0,0.0,0.0,0.0,0.0,5
2,13,101,7.0,1.0,2.0,2.0,1.0,1.0,0.0,5
2,13,201,8.0,2.0,3.0,3.0,0.0,0.0,0.0,5
2,13,202,8.0,8.0,0.0,0.0,0.0,0.0,0.0,5
2,14,101,7.0,1.0,1.0,3.0,1.0,1.0,0.0,5
2,14,102,7.0,7.0,0.0,0.0,0.0,0.0,0.0,5
2,14,201,9.0,3.0,2.0,4.0,0.0,0.0,0.0,5
2,14,202,7.0,7.0,0.0,0.0,0.0,0.0,0.0,5
3,1,101,34.0,15.0,6.0,4.0,0.0,9.0,0.0,5
3,1,102,17.0,11.0,2.0,3.0,0.0,1.0,0.0,5
3,1,103,13.0,13.0,0.0,0.0,0.0,0.0,0.0,5
3,1,201,35.0,15.0,5.0,4.0,0.0,11.0,0.0,5
3,1,202,17.0,10.0,3.0,3.0,0.0,1.0,0.0,5
3,1,203,13.0,13.0,0.0,0.0,0.0,0.0,0.0,5
3,2,101,20.0,12.0,3.0,3.0,0.0,2.0,0.0,5
3,2,102,14.0,13.0,1.0,0.0,0.0,0.0,0.0,5
3,2,201,19.0,11.0,3.0,3.0,0.0,2.0,0.0,5
3,2,202,13.0,12.0,1.0,0.0,0.0,0.0,0.0,5
3,3,101,18.0,8.0,3.0,2.0,0.0,5.0,0.0,5
3,3,102,15.0,10.0,3.0,2.0,0.0,0.0,0.0,5
3,3,201,17.0,8.0,4.0,3.0,0.0,2.0,0.0,5
3,3,202,15.0,14.0,1.0,0.0,0.0,0.0,0.0,5
3,4,101,18.0,8.0,3.0,2.0,1.0,4.0,0.0,5
3,4,102,17.0,10.0,3.0,4.0,0.0,0.0,0.0,5
3,4,103,14.0,14.0,0.0,0.0,0.0,0.0,0.0,5
3,4,201,34.0,12.0,8.0,3.0,1.0,10.0,0.0,5
3,4,202,19.0,13.0,3.0,3.0,0.0,0.0,0.0,5
3,5,101,20.0,9.0,3.0,4.0,0.0,4.0,0.0,5
3,5,102,15.0,9.0,4.0,2.0,0.0,0.0,0.0,5
3,5,103,10.0,10.0,0.0,0.0,0.0,0.0,0.0,5
3,5,201,29.0,10.0,4.0,7.0,3.0,5.0,0.0,5
3,5,202,15.0,10.0,3.0,2.0,0.0,0.0,0.0,5
3,6,101,18.0,9.0,2.0,3.0,0.0,4.0,0.0,5
3,6,102,15.0,11.0,3.0,1.0,0.0,0.0,0.0,5
3,6,201,19.0,8.0,3.0,2.0,1.0,5.0,0.0,5
3,6,202,15.0,11.0,3.0,1.0,0.0,0.0,0.0,5
3,7,101,31.0,15.0,5.0,4.0,2.0,5.0,0.0,5
3,7,102,10.0,8.0,2.0,0.0,0.0,0.0,0.0,5
3,7,103,12.0,12.0,0.0,0.0,0.0,0.0,0.0,5
3,7,201,30.0,8.0,8.0,4.0,0.0,10.0,0.0,5
3,7,202,18.0,10.0,4.0,4.0,0.0,0.0,0.0,5
3,7,203,12.0,12.0,0.0,0.0,0.0,0.0,0.0,5
3,8,101,18.0,7.0,3.0,2.0,1.0,5.0,0.0,5
3,8,102,15.0,9.0,4.0,2.0,0.0,0.0,0.0,5
3,8,201,27.0,10.0,5.0,5.0,3.0,4.0,0.0,5
3,8,202,15.0,10.0,3.0,2.0,0.0,0.0,0.0,5
3,8,203,15.0,15.0,0.0,0.0,0.0,0.0,0.0,5
3,9,101,8.0,2.0,2.0,1.0,1.0,2.0,0.0,5
3,9,102,7.0,6.0,1.0,0.0,0.0,0.0,0.0,5
3,9,201,8.0,3.0,3.0,2.0,0.0,0.0,0.0,5
3,9,202,7.0,7.0,0.0,0.0,0.0,0.0,0.0,5
3,10,101,7.0,2.0,2.0,1.0,0.0,2.0,0.0,5
3,10,102,7.0,7.0,0.0,0.0,0.0,0.0,0.0,5
3,10,201,7.0,1.0,2.0,3.0,1.0,0.0,0.0,5
3,10,202,8.0,8.0,0.0,0.0,0.0,0.0,0.0,5
3,11,101,6.0,0.0,2.0,0.0,3.0,1.0,0.0,5
3,11,102,6.0,5.0,1.0,0.0,0.0,0.0,0.0,5
3,11,201,8.0,2.0,2.0,2.0,2.0,0.0,0.0,5
3,11,202,7.0,7.0,0.0,0.0,0.0,0.0,0.0,5
3,12,101,5.0,2.0,1.0,1.0,0.0,1.0,0.0,5
3,12,102,5.0,4.0,1.0,0.0,0.0,0.0,0.0,5
3,12,201,7.0,1.0,2.0,4.0,0.0,0.0,0.0,5
3,12,202,7.0,7.0,0.0,0.0,0.0,0.0,0.0,5
3,13,101,8.0,2.0,2.0,3.0,1.0,0.0,0.0,5
3,13,102,7.0,7.0,0.0,0.0,0.0,0.0,0.0,5
3,13,201,8.0,3.0,2.0,3.0,0.0,0.0,0.0,5
3,13,202,4.0,4.0,0.0,0.0,0.0,0.0,0.0,5
3,14,101,7.0,1.0,2.0,2.0,1.0,1.0,0.0,5
3,14,102,8.0,6.0,2.0,0.0,0.0,0.0,0.0,5
3,14,201,8.0,1.0,3.0,2.0,1.0,1.0,0.0,5
3,14,202,8.0,8.0,0.0,0.0,0.0,0.0,0.0,5
5,1,101,18.0,9.0,3.0,2.0,0.0,4.0,0.0,5
5,1,102,15.0,11.0,4.0,0.0,0.0,0.0,0.0,5
5,1,201,20.0,11.0,3.0,3.0,1.0,2.0,0.0,5
5,1,202,14.0,11.0,3.0,0.0,0.0,0.0,0.0,5
5,2,101,12.0,6.0,3.0,3.0,0.0,0.0,0.0,5
5,2,102,14.0,13.0,1.0,0.0,0.0,0.0,0.0,5
5,2,201,16.0,10.0,5.0,1.0,0.0,0.0,0.0,5
5,2,202,12.0,12.0,0.0,0.0,0.0,0.0,0.0,5
5,3,101,17.0,10.0,3.0,3.0,0.0,1.0,0.0,5
5,3,102,21.0,19.0,2.0,0.0,0.0,0.0,0.0,5
5,3,201,28.0,16.0,6.0,3.0,2.0,1.0,0.0,5
5,3,202,27.0,23.0,4.0,0.0,0.0,0.0,0.0,5
5,3,203,12.0,12.0,0.0,0.0,0.0,0.0,0.0,5
5,4,101,19.0,11.0,4.0,3.0,0.0,1.0,0.0,5
5,4,102,14.0,13.0,1.0,0.0,0.0,0.0,0.0,5
5,4,201,18.0,10.0,3.0,3.0,0.0,2.0,0.0,5
5,4,202,15.0,13.0,2.0,0.0,0.0,0.0,0.0,5
5,5,101,16.0,10.0,3.0,3.0,0.0,0.0,0.0,5
5,5,102,11.0,11.0,0.0,0.0,0.0,0.0,0.0,5
5,5,201,17.0,9.0,3.0,3.0,2.0,0.0,0.0,5
5,5,202,10.0,8.0,1.0,1.0,0.0,0.0,0.0,5
5,6,101,16.0,10.0,4.0,2.0,0.0,0.0,0.0,5
5,6,102,14.0,14.0,0.0,0.0,0.0,0.0,0.0,5
5,6,201,25.0,7.0,8.0,5.0,3.0,2.0,0.0,5
5,6,202,16.0,9.0,4.0,3.0,0.0,0.0,0.0,5
5,6,203,20.0,19.0,1.0,0.0,0.0,0.0,0.0,5
5,7,101,8.0,2.0,1.0,2.0,2.0,1.0,0.0,5
5,7,102,6.0,4.0,2.0,0.0,0.0,0.0,0.0,5
5,7,201,7.0,3.0,1.0,3.0,0.0,0.0,0.0,5
5,8,101,9.0,6.0,1.0,3.0,0.0,0.0,0.0,5
5,8,201,7.0,3.0,1.0,3.0,0.0,0.0,0.0,5
5,8,202,7.0,7.0,0.0,0.0,0.0,0.0,0.0,5
5,9,101,8.0,4.0,2.0,2.0,0.0,0.0,0.0,5
5,9,102,8.0,8.0,0.0,0.0,0.0,0.0,0.0,5
5,9,201,0.0,0.0,0.0,0.0,0.0,0.0,0.0,5
6,1,101,49.0,24.0,10.0,4.0,1.0,10.0,0.0,5
6,1,102,17.0,11.0,4.0,2.0,0.0,0.0,0.0,5
6,1,201,15.0,3.0,3.0,3.0,0.0,6.0,0.0,5
6,1,202,15.0,10.0,3.0,2.0,0.0,0.0,0.0,5
6,2,101,19.0,11.0,3.0,3.0,0.0,2.0,0.0,5
6,2,102,13.0,13.0,0.0,0.0,0.0,0.0,0.0,5
6,2,201,17.0,10.0,2.0,3.0,1.0,1.0,0.0,5
6,2,202,13.0,12.0,1.0,0.0,0.0,0.0,0.0,5
6,3,101,17.0,11.0,3.0,2.0,0.0,1.0,0.0,5
6,3,102,15.0,14.0,1.0,0.0,0.0,0.0,0.0,5
6,3,201,19.0,11.0,3.0,2.0,0.0,3.0,0.0,5
6,3,202,14.0,13.0,1.0,0.0,0.0,0.0,0.0,5
6,4,101,29.0,10.0,8.0,3.0,1.0,7.0,0.0,5
6,4,102,18.0,10.0,4.0,2.0,2.0,0.0,0.0,5
6,4,103,11.0,10.0,1.0,0.0,0.0,0.0,0.0,5
6,4,201,17.0,6.0,3.0,2.0,1.0,5.0,0.0,5
6,4,202,17.0,11.0,3.0,2.0,1.0,0.0,0.0,5
6,4,203,11.0,11.0,0.0,0.0,0.0,0.0,0.0,5
6,5,101,33.0,14.0,6.0,4.0,0.0,9.0,0.0,5
6,5,102,18.0,11.0,4.0,3.0,0.0,0.0,0.0,5
6,5,103,12.0,12.0,0.0,0.0,0.0,0.0,0.0,5
6,5,201,46.0,20.0,7.0,5.0,1.0,13.0,0.0,5
6,5,202,17.0,12.0,3.0,2.0,0.0,0.0,0.0,5
6,5,203,13.0,13.0,0.0,0.0,0.0,0.0,0.0,5
6,6,101,17.0,8.0,3.0,3.0,0.0,3.0,0.0,5
6,6,102,15.0,13.0,2.0,0.0,0.0,0.0,0.0,5
6,6,201,14.0,5.0,3.0,1.0,0.0,5.0,0.0,5
6,6,202,17.0,11.0,4.0,2.0,0.0,0.0,0.0,5
6,7,101,8.0,2.0,1.0,2.0,2.0,1.0,0.0,5
6,7,102,7.0,7.0,0.0,0.0,0.0,0.0,0.0,5
6,7,201,7.0,1.0,2.0,2.0,1.0,1.0,0.0,5
6,7,202,7.0,5.0,2.0,0.0,0.0,0.0,0.0,5
6,8,201,7.0,3.0,1.0,3.0,0.0,0.0,0.0,5
6,8,202,7.0,7.0,0.0,0.0,0.0,0.0,0.0,5
6,9,101,8.0,2.0,2.0,2.0,2.0,0.0,0.0,5
6,9,102,7.0,7.0,0.0,0.0,0.0,0.0,0.0,5
6,9,201,8.0,2.0,3.0,2.0,1.0,0.0,0.0,5
6,9,202,7.0,7.0,0.0,0.0,0.0,0.0,0.0,5
6,10,101,8.0,1.0,1.0,2.0,1.0,3.0,0.0,5
6,10,102,8.0,4.0,4.0,0.0,0.0,0.0,0.0,5
6,10,201,7.0,1.0,2.0,2.0,2.0,0.0,0.0,5
6,10,202,7.0,7.0,0.0,0.0,0.0,0.0,0.0,5
6,11,101,7.0,1.0,2.0,2.0,2.0,0.0,0.0,5
6,11,102,6.0,6.0,0.0,0.0,0.0,0.0,0.0,5
6,11,201,7.0,0.0,1.0,2.0,1.0,3.0,0.0,5
6,11,202,6.0,3.0,3.0,0.0,0.0,0.0,0.0,5
1,1,101,19.0,10.0,2.0,5.0,0.0,2.0,0.0,6
1,1,102,15.0,12.0,2.0,1.0,0.0,0.0,0.0,6
1,1,201,17.0,6.0,2.0,5.0,0.0,4.0,0.0,6
1,1,202,16.0,9.0,3.0,3.0,1.0,0.0,0.0,6
1,1,203,14.0,14.0,0.0,0.0,0.0,0.0,0.0,6
1,2,101,23.0,10.0,3.0,5.0,0.0,5.0,0.0,6
1,2,102,19.0,12.0,3.0,4.0,0.0,0.0,0.0,6
1,2,103,13.0,13.0,0.0,0.0,0.0,0.0,0.0,6
1,2,201,18.0,6.0,3.0,2.0,2.0,5.0,0.0,6
1,2,202,18.0,10.0,4.0,3.0,1.0,0.0,0.0,6
1,2,203,14.0,14.0,0.0,0.0,0.0,0.0,0.0,6
1,3,101,19.0,6.0,3.0,3.0,2.0,5.0,0.0,6
1,3,102,18.0,10.0,3.0,3.0,1.0,1.0,0.0,6
1,3,103,14.0,11.0,3.0,0.0,0.0,0.0,0.0,6
1,3,201,16.0,5.0,2.0,3.0,1.0,5.0,0.0,6
1,3,202,16.0,9.0,3.0,4.0,0.0,0.0,0.0,6
1,3,203,13.0,12.0,1.0,0.0,0.0,0.0,0.0,6
1,4,101,22.0,8.0,3.0,3.0,3.0,5.0,0.0,6
1,4,102,20.0,11.0,3.0,4.0,2.0,0.0,0.0,6
1,4,103,15.0,13.0,2.0,0.0,0.0,0.0,0.0,6
1,4,201,19.0,7.0,2.0,4.0,0.0,6.0,0.0,6
1,4,202,19.0,11.0,3.0,4.0,1.0,0.0,0.0,6
1,4,203,15.0,14.0,1.0,0.0,0.0,0.0,0.0,6
1,5,101,18.0,6.0,3.0,3.0,1.0,5.0,0.0,6
1,5,102,19.0,10.0,3.0,4.0,2.0,0.0,0.0,6
1,5,103,15.0,12.0,3.0,0.0,0.0,0.0,0.0,6
1,5,201,39.0,17.0,5.0,9.0,3.0,5.0,0.0,6
1,5,202,18.0,12.0,3.0,3.0,0.0,0.0,0.0,6
1,5,203,11.0,11.0,0.0,0.0,0.0,0.0,0.0,6
1,6,101,19.0,10.0,1.0,3.0,1.0,4.0,0.0,6
1,6,102,16.0,11.0,2.0,2.0,1.0,0.0,0.0,6
1,6,201,32.0,11.0,4.0,5.0,5.0,7.0,0.0,6
1,6,202,16.0,9.0,3.0,4.0,0.0,0.0,0.0,6
1,6,203,12.0,12.0,0.0,0.0,0.0,0.0,0.0,6
1,7,101,32.0,17.0,6.0,5.0,1.0,3.0,0.0,6
1,7,102,16.0,11.0,3.0,2.0,0.0,0.0,0.0,6
1,7,201,34.0,14.0,6.0,4.0,3.0,7.0,0.0,6
1,7,202,14.0,8.0,3.0,3.0,0.0,0.0,0.0,6
1,7,203,10.0,10.0,0.0,0.0,0.0,0.0,0.0,6
1,8,101,19.0,6.0,4.0,3.0,1.0,5.0,0.0,6
1,8,102,18.0,8.0,4.0,2.0,3.0,1.0,0.0,6
1,8,103,14.0,11.0,3.0,0.0,0.0,0.0,0.0,6
1,8,201,18.0,6.0,3.0,2.0,1.0,6.0,0.0,6
1,8,202,19.0,12.0,3.0,2.0,2.0,0.0,0.0,6
1,8,203,27.0,27.0,0.0,0.0,0.0,0.0,0.0,6
1,9,101,7.0,1.0,3.0,2.0,0.0,1.0,0.0,6
1,9,102,7.0,6.0,1.0,0.0,0.0,0.0,0.0,6
1,9,201,8.0,2.0,1.0,3.0,1.0,1.0,0.0,6
1,9,202,7.0,5.0,2.0,0.0,0.0,0.0,0.0,6
1,10,101,8.0,2.0,1.0,2.0,0.0,3.0,0.0,6
1,10,102,7.0,4.0,2.0,1.0,0.0,0.0,0.0,6
1,10,103,8.0,8.0,0.0,0.0,0.0,0.0,0.0,6
1,10,201,8.0,1.0,2.0,4.0,1.0,0.0,0.0,6
1,10,202,8.0,7.0,1.0,0.0,0.0,0.0,0.0,6
1,11,101,8.0,2.0,1.0,3.0,1.0,1.0,0.0,6
1,11,102,8.0,8.0,0.0,0.0,0.0,0.0,0.0,6
1,11,201,8.0,2.0,3.0,3.0,0.0,0.0,0.0,6
1,11,202,8.0,8.0,0.0,0.0,0.0,0.0,0.0,6
1,12,101,8.0,2.0,2.0,2.0,0.0,2.0,0.0,6
1,12,102,8.0,7.0,1.0,0.0,0.0,0.0,0.0,6
1,12,201,8.0,1.0,1.0,2.0,1.0,3.0,0.0,6
1,12,202,7.0,3.0,3.0,1.0,0.0,0.0,0.0,6
1,13,101,8.0,3.0,2.0,3.0,0.0,0.0,0.0,6
1,13,102,7.0,7.0,0.0,0.0,0.0,0.0,0.0,6
1,13,201,8.0,2.0,2.0,3.0,1.0,0.0,0.0,6
1,13,202,8.0,8.0,0.0,0.0,0.0,0.0,0.0,6
1,14,101,6.0,0.0,1.0,1.0,1.0,3.0,0.0,6
1,14,102,8.0,2.0,2.0,3.0,1.0,0.0,0.0,6
1,14,103,7.0,6.0,1.0,0.0,0.0,0.0,0.0,6
1,14,201,7.0,0.0,2.0,4.0,1.0,0.0,0.0,6
1,14,202,8.0,7.0,1.0,0.0,0.0,0.0,0.0,6
2,1,101,17.0,5.0,3.0,3.0,2.0,4.0,0.0,6
2,1,102,16.0,8.0,2.0,5.0,0.0,1.0,0.0,6
2,1,103,16.0,14.0,2.0,0.0,0.0,0.0,0.0,6
2,1,201,16.0,5.0,2.0,2.0,2.0,5.0,0.0,6
2,1,202,28.0,16.0,5.0,7.0,0.0,0.0,0.0,6
2,1,203,14.0,12.0,2.0,0.0,0.0,0.0,0.0,6
2,2,101,19.0,7.0,2.0,3.0,1.0,6.0,0.0,6
2,2,102,17.0,9.0,2.0,4.0,2.0,0.0,0.0,6
2,2,103,15.0,13.0,2.0,0.0,0.0,0.0,0.0,6
2,2,201,17.0,6.0,1.0,4.0,0.0,6.0,0.0,6
2,2,202,18.0,10.0,2.0,6.0,0.0,0.0,0.0,6
2,2,203,14.0,12.0,2.0,0.0,0.0,0.0,0.0,6
2,3,101,17.0,8.0,3.0,3.0,0.0,3.0,0.0,6
2,3,102,17.0,11.0,3.0,3.0,0.0,0.0,0.0,6
2,3,201,20.0,6.0,3.0,4.0,1.0,6.0,0.0,6
2,3,202,19.0,11.0,3.0,3.0,2.0,0.0,0.0,6
2,3,203,14.0,13.0,1.0,0.0,0.0,0.0,0.0,6
2,4,102,16.0,8.0,3.0,3.0,2.0,0.0,0.0,6
2,4,103,13.0,11.0,2.0,0.0,0.0,0.0,0.0,6
2,4,201,16.0,7.0,3.0,1.0,3.0,2.0,0.0,6
2,4,202,15.0,10.0,3.0,2.0,0.0,0.0,0.0,6
2,5,101,20.0,7.0,3.0,5.0,0.0,5.0,0.0,6
2,5,102,20.0,12.0,3.0,5.0,0.0,0.0,0.0,6
2,5,103,13.0,13.0,0.0,0.0,0.0,0.0,0.0,6
2,5,201,18.0,8.0,3.0,3.0,3.0,1.0,0.0,6
2,5,202,15.0,12.0,3.0,0.0,0.0,0.0,0.0,6
2,6,101,13.0,4.0,3.0,1.0,0.0,5.0,0.0,6
2,6,102,19.0,10.0,3.0,6.0,0.0,0.0,0.0,6
2,6,103,14.0,13.0,1.0,0.0,0.0,0.0,0.0,6
2,6,201,17.0,8.0,3.0,5.0,0.0,1.0,0.0,6
2,6,202,13.0,13.0,0.0,0.0,0.0,0.0,0.0,6
2,7,101,35.0,9.0,7.0,9.0,3.0,7.0,0.0,6
2,7,102,18.0,10.0,2.0,4.0,2.0,0.0,0.0,6
2,7,103,13.0,11.0,2.0,0.0,0.0,0.0,0.0,6
2,7,201,20.0,9.0,3.0,4.0,1.0,3.0,0.0,6
2,7,202,16.0,11.0,3.0,2.0,0.0,0.0,0.0,6
2,8,101,19.0,7.0,2.0,4.0,2.0,4.0,0.0,6
2,8,102,19.0,11.0,4.0,2.0,2.0,0.0,0.0,6
2,8,103,14.0,14.0,0.0,0.0,0.0,0.0,0.0,6
2,8,201,13.0,11.0,2.0,0.0,0.0,0.0,0.0,6
2,9,101,9.0,2.0,2.0,4.0,1.0,0.0,0.0,6
2,9,102,7.0,6.0,1.0,0.0,0.0,0.0,0.0,6
2,9,201,7.0,0.0,0.0,1.0,0.0,6.0,0.0,6
2,9,202,7.0,3.0,1.0,3.0,0.0,0.0,0.0,6
2,10,101,8.0,0.0,1.0,4.0,3.0,0.0,0.0,6
2,10,102,8.0,4.0,2.0,2.0,0.0,0.0,0.0,6
2,10,103,7.0,7.0,0.0,0.0,0.0,0.0,0.0,6
2,10,201,7.0,0.0,1.0,4.0,2.0,0.0,0.0,6
2,10,202,8.0,4.0,3.0,1.0,0.0,0.0,0.0,6
2,11,101,7.0,5.0,2.0,0.0,0.0,0.0,0.0,6
2,11,201,8.0,1.0,2.0,2.0,2.0,1.0,0.0,6
2,11,202,7.0,5.0,2.0,0.0,0.0,0.0,0.0,6
2,12,101,8.0,1.0,0.0,2.0,0.0,5.0,0.0,6
2,12,102,7.0,2.0,2.0,3.0,0.0,0.0,0.0,6
2,12,103,7.0,7.0,0.0,0.0,0.0,0.0,0.0,6
2,12,201,8.0,0.0,1.0,3.0,0.0,4.0,0.0,6
2,12,202,7.0,3.0,3.0,1.0,0.0,0.0,0.0,6
2,13,101,8.0,1.0,2.0,3.0,0.0,2.0,0.0,6
2,13,201,8.0,1.0,3.0,3.0,0.0,1.0,0.0,6
2,13,202,8.0,8.0,0.0,0.0,0.0,0.0,0.0,6
2,14,101,7.0,1.0,1.0,1.0,1.0,3.0,0.0,6
2,14,102,7.0,6.0,1.0,0.0,0.0,0.0,0.0,6
2,14,201,8.0,2.0,1.0,4.0,1.0,0.0,0.0,6
2,14,202,7.0,6.0,1.0,0.0,0.0,0.0,0.0,6
3,1,101,36.0,14.0,4.0,6.0,4.0,8.0,0.0,6
3,1,102,17.0,10.0,2.0,2.0,2.0,1.0,0.0,6
3,1,103,14.0,12.0,2.0,0.0,0.0,0.0,0.0,6
3,1,201,37.0,15.0,4.0,5.0,2.0,11.0,0.0,6
3,1,202,19.0,10.0,3.0,4.0,1.0,1.0,0.0,6
3,1,203,14.0,13.0,1.0,0.0,0.0,0.0,0.0,6
3,2,101,20.0,10.0,3.0,3.0,2.0,2.0,0.0,6
3,2,102,16.0,12.0,3.0,1.0,0.0,0.0,0.0,6
3,2,201,19.0,9.0,3.0,3.0,2.0,2.0,0.0,6
3,2,202,15.0,13.0,2.0,0.0,0.0,0.0,0.0,6
3,3,101,19.0,8.0,2.0,3.0,1.0,5.0,0.0,6
3,3,102,15.0,9.0,2.0,3.0,1.0,0.0,0.0,6
3,3,103,13.0,13.0,0.0,0.0,0.0,0.0,0.0,6
3,3,201,19.0,10.0,3.0,3.0,1.0,2.0,0.0,6
3,3,202,14.0,11.0,3.0,0.0,0.0,0.0,0.0,6
3,4,101,18.0,7.0,3.0,2.0,1.0,5.0,0.0,6
3,4,102,17.0,8.0,3.0,4.0,1.0,1.0,0.0,6
3,4,103,15.0,14.0,1.0,0.0,0.0,0.0,0.0,6
3,4,201,33.0,9.0,5.0,6.0,2.0,11.0,0.0,6
3,4,202,19.0,11.0,3.0,3.0,2.0,0.0,0.0,6
3,5,101,20.0,7.0,3.0,3.0,3.0,4.0,0.0,6
3,5,102,16.0,9.0,3.0,3.0,1.0,0.0,0.0,6
3,5,103,12.0,12.0,0.0,0.0,0.0,0.0,0.0,6
3,5,201,30.0,10.0,5.0,7.0,2.0,6.0,0.0,6
3,5,202,16.0,9.0,3.0,3.0,1.0,0.0,0.0,6
3,5,203,11.0,11.0,0.0,0.0,0.0,0.0,0.0,6
3,6,101,19.0,9.0,1.0,2.0,3.0,4.0,0.0,6
3,6,102,14.0,9.0,2.0,2.0,1.0,0.0,0.0,6
3,6,103,13.0,13.0,0.0,0.0,0.0,0.0,0.0,6
3,6,201,20.0,8.0,2.0,3.0,2.0,5.0,0.0,6
3,6,202,15.0,9.0,3.0,3.0,0.0,0.0,0.0,6
3,7,101,33.0,10.0,5.0,7.0,3.0,8.0,0.0,6
3,7,102,13.0,10.0,2.0,1.0,0.0,0.0,0.0,6
3,7,103,14.0,14.0,0.0,0.0,0.0,0.0,0.0,6
3,7,201,32.0,8.0,6.0,4.0,4.0,10.0,0.0,6
3,7,202,18.0,8.0,4.0,3.0,3.0,0.0,0.0,6
3,7,203,12.0,12.0,0.0,0.0,0.0,0.0,0.0,6
3,8,101,19.0,7.0,3.0,2.0,2.0,5.0,0.0,6
3,8,102,14.0,7.0,3.0,2.0,2.0,0.0,0.0,6
3,8,201,31.0,12.0,4.0,5.0,3.0,7.0,0.0,6
3,8,202,15.0,9.0,2.0,3.0,1.0,0.0,0.0,6
3,8,203,10.0,10.0,0.0,0.0,0.0,0.0,0.0,6
3,9,101,8.0,2.0,1.0,2.0,0.0,3.0,0.0,6
3,9,102,7.0,5.0,2.0,0.0,0.0,0.0,0.0,6
3,9,201,8.0,2.0,3.0,3.0,0.0,0.0,0.0,6
3,9,202,7.0,7.0,0.0,0.0,0.0,0.0,0.0,6
3,10,101,8.0,3.0,1.0,2.0,0.0,2.0,0.0,6
3,10,102,7.0,6.0,1.0,0.0,0.0,0.0,0.0,6
3,10,103,8.0,7.0,1.0,0.0,0.0,0.0,0.0,6
3,10,201,8.0,2.0,1.0,3.0,1.0,1.0,0.0,6
3,10,202,8.0,6.0,2.0,0.0,0.0,0.0,0.0,6
3,11,101,6.0,0.0,1.0,2.0,1.0,2.0,0.0,6
3,11,102,7.0,5.0,2.0,0.0,0.0,0.0,0.0,6
3,11,201,8.0,1.0,2.0,2.0,1.0,2.0,0.0,6
3,11,202,8.0,6.0,2.0,0.0,0.0,0.0,0.0,6
3,12,101,7.0,4.0,0.0,1.0,1.0,1.0,0.0,6
3,12,102,7.0,3.0,3.0,1.0,0.0,0.0,0.0,6
3,12,201,7.0,1.0,2.0,2.0,1.0,1.0,0.0,6
3,12,202,7.0,5.0,2.0,0.0,0.0,0.0,0.0,6
3,13,101,8.0,2.0,1.0,3.0,0.0,2.0,0.0,6
3,13,102,7.0,6.0,1.0,0.0,0.0,0.0,0.0,6
3,13,201,8.0,2.0,3.0,2.0,1.0,0.0,0.0,6
3,13,202,4.0,4.0,0.0,0.0,0.0,0.0,0.0,6
3,14,101,7.0,1.0,1.0,2.0,0.0,3.0,0.0,6
3,14,102,8.0,5.0,3.0,0.0,0.0,0.0,0.0,6
3,14,201,8.0,1.0,2.0,2.0,1.0,2.0,0.0,6
3,14,202,8.0,7.0,1.0,0.0,0.0,0.0,0.0,6
5,1,101,20.0,9.0,4.0,3.0,0.0,4.0,0.0,6
5,1,102,17.0,11.0,4.0,2.0,0.0,0.0,0.0,6
5,1,201,21.0,11.0,3.0,4.0,0.0,3.0,0.0,6
5,1,202,16.0,11.0,3.0,2.0,0.0,0.0,0.0,6
5,2,101,11.0,5.0,1.0,4.0,1.0,0.0,0.0,6
5,2,102,14.0,11.0,3.0,0.0,0.0,0.0,0.0,6
5,2,201,17.0,10.0,4.0,3.0,0.0,0.0,0.0,6
5,2,202,12.0,12.0,0.0,0.0,0.0,0.0,0.0,6
5,3,101,17.0,8.0,3.0,5.0,0.0,1.0,0.0,6
5,3,102,24.0,20.0,4.0,0.0,0.0,0.0,0.0,6
5,3,103,13.0,13.0,0.0,0.0,0.0,0.0,0.0,6
5,3,201,28.0,12.0,6.0,4.0,3.0,3.0,0.0,6
5,3,202,27.0,19.0,5.0,3.0,0.0,0.0,0.0,6
5,3,203,12.0,12.0,0.0,0.0,0.0,0.0,0.0,6
5,4,101,19.0,9.0,3.0,6.0,0.0,1.0,0.0,6
5,4,102,13.0,10.0,3.0,0.0,0.0,0.0,0.0,6
5,4,201,19.0,9.0,3.0,4.0,1.0,2.0,0.0,6
5,4,202,15.0,11.0,3.0,1.0,0.0,0.0,0.0,6
5,5,101,15.0,9.0,1.0,5.0,0.0,0.0,0.0,6
5,5,102,9.0,9.0,0.0,0.0,0.0,0.0,0.0,6
5,5,201,16.0,8.0,1.0,5.0,2.0,0.0,0.0,6
5,5,202,13.0,9.0,2.0,2.0,0.0,0.0,0.0,6
5,6,101,16.0,9.0,3.0,4.0,0.0,0.0,0.0,6
5,6,102,13.0,11.0,2.0,0.0,0.0,0.0,0.0,6
5,6,201,25.0,9.0,3.0,8.0,1.0,4.0,0.0,6
5,6,202,15.0,7.0,4.0,4.0,0.0,0.0,0.0,6
5,6,203,20.0,17.0,3.0,0.0,0.0,0.0,0.0,6
5,7,101,8.0,2.0,0.0,3.0,0.0,3.0,0.0,6
5,7,102,6.0,4.0,2.0,0.0,0.0,0.0,0.0,6
5,7,201,7.0,3.0,1.0,3.0,0.0,0.0,0.0,6
5,7,202,6.0,6.0,0.0,0.0,0.0,0.0,0.0,6
5,8,101,8.0,3.0,2.0,2.0,1.0,0.0,0.0,6
5,8,102,8.0,8.0,0.0,0.0,0.0,0.0,0.0,6
5,8,201,7.0,2.0,1.0,4.0,0.0,0.0,0.0,6
5,8,202,8.0,7.0,1.0,0.0,0.0,0.0,0.0,6
5,9,101,7.0,2.0,2.0,3.0,0.0,0.0,0.0,6
5,9,102,8.0,8.0,0.0,0.0,0.0,0.0,0.0,6
6,1,101,42.0,16.0,7.0,8.0,2.0,9.0,0.0,6
6,1,102,18.0,12.0,2.0,2.0,2.0,0.0,0.0,6
6,1,103,16.0,16.0,0.0,0.0,0.0,0.0,0.0,6
6,1,201,16.0,3.0,3.0,3.0,1.0,6.0,0.0,6
6,1,202,14.0,8.0,3.0,3.0,0.0,0.0,0.0,6
6,2,101,17.0,8.0,3.0,2.0,2.0,2.0,0.0,6
6,2,102,14.0,10.0,4.0,0.0,0.0,0.0,0.0,6
6,2,201,17.0,8.0,3.0,2.0,2.0,2.0,0.0,6
6,2,202,13.0,11.0,2.0,0.0,0.0,0.0,0.0,6
6,3,101,15.0,8.0,2.0,2.0,1.0,2.0,0.0,6
6,3,102,18.0,18.0,0.0,0.0,0.0,0.0,0.0,6
6,3,201,18.0,8.0,3.0,2.0,2.0,3.0,0.0,6
6,3,202,16.0,14.0,2.0,0.0,0.0,0.0,0.0,6
6,4,101,23.0,3.0,4.0,5.0,2.0,9.0,0.0,6
6,4,102,17.0,8.0,3.0,2.0,2.0,2.0,0.0,6
6,4,201,17.0,6.0,2.0,2.0,2.0,5.0,0.0,6
6,4,202,18.0,9.0,3.0,4.0,1.0,1.0,0.0,6
6,5,101,24.0,3.0,6.0,4.0,1.0,10.0,0.0,6
6,5,102,15.0,7.0,3.0,2.0,3.0,0.0,0.0,6
6,5,103,13.0,13.0,0.0,0.0,0.0,0.0,0.0,6
6,5,201,32.0,5.0,6.0,4.0,2.0,15.0,0.0,6
6,5,202,16.0,9.0,3.0,3.0,1.0,0.0,0.0,6
6,5,203,15.0,15.0,0.0,0.0,0.0,0.0,0.0,6
6,6,101,18.0,8.0,3.0,2.0,2.0,3.0,0.0,6
6,6,102,14.0,12.0,2.0,0.0,0.0,0.0,0.0,6
6,6,201,14.0,4.0,3.0,2.0,0.0,5.0,0.0,6
6,6,202,14.0,6.0,4.0,2.0,2.0,0.0,0.0,6
6,7,101,8.0,1.0,1.0,2.0,2.0,2.0,0.0,6
6,7,102,7.0,7.0,0.0,0.0,0.0,0.0,0.0,6
6,7,201,8.0,2.0,1.0,1.0,2.0,2.0,0.0,6
6,7,202,7.0,5.0,2.0,0.0,0.0,0.0,0.0,6
6,8,201,7.0,3.0,1.0,2.0,1.0,0.0,0.0,6
6,8,202,7.0,7.0,0.0,0.0,0.0,0.0,0.0,6
6,9,101,8.0,1.0,3.0,1.0,1.0,2.0,0.0,6
6,9,102,8.0,7.0,1.0,0.0,0.0,0.0,0.0,6
6,9,201,8.0,2.0,1.0,2.0,1.0,2.0,0.0,6
6,9,202,6.0,6.0,0.0,0.0,0.0,0.0,0.0,6
6,10,101,8.0,0.0,1.0,2.0,1.0,4.0,0.0,6
6,10,102,8.0,4.0,2.0,2.0,0.0,0.0,0.0,6
6,10,201,8.0,0.0,4.0,1.0,1.0,2.0,0.0,6
6,10,202,8.0,6.0,2.0,0.0,0.0,0.0,0.0,6
6,11,101,7.0,1.0,2.0,1.0,1.0,2.0,0.0,6
6,11,102,7.0,5.0,2.0,0.0,0.0,0.0,0.0,6
6,11,201,7.0,0.0,0.0,2.0,2.0,3.0,0.0,6
6,11,202,6.0,1.0,2.0,2.0,0.0,1.0,0.0,6
1,1,101,19.0,9.0,2.0,3.0,3.0,2.0,0.0,7
1,1,102,14.0,9.0,3.0,2.0,0.0,0.0,0.0,7
1,1,201,18.0,6.0,2.0,3.0,2.0,5.0,0.0,7
1,1,202,16.0,8.0,2.0,3.0,1.0,2.0,0.0,7
1,1,203,14.0,12.0,2.0,0.0,0.0,0.0,0.0,7
1,2,101,24.0,11.0,2.0,3.0,2.0,6.0,0.0,7
1,2,102,20.0,11.0,3.0,4.0,1.0,1.0,0.0,7
1,2,103,15.0,13.0,2.0,0.0,0.0,0.0,0.0,7
1,2,201,20.0,7.0,2.0,3.0,1.0,7.0,0.0,7
1,2,202,18.0,10.0,2.0,3.0,1.0,2.0,0.0,7
1,2,203,15.0,13.0,2.0,0.0,0.0,0.0,0.0,7
1,3,101,19.0,6.0,2.0,2.0,2.0,7.0,0.0,7
1,3,102,18.0,8.0,3.0,2.0,1.0,4.0,0.0,7
1,3,103,14.0,10.0,2.0,2.0,0.0,0.0,0.0,7
1,3,104,13.0,13.0,0.0,0.0,0.0,0.0,0.0,7
1,3,201,15.0,3.0,2.0,2.0,2.0,6.0,0.0,7
1,3,202,16.0,7.0,3.0,4.0,2.0,0.0,0.0,7
1,3,203,13.0,9.0,4.0,0.0,0.0,0.0,0.0,7
1,4,101,21.0,6.0,2.0,3.0,1.0,9.0,0.0,7
1,4,102,21.0,11.0,2.0,4.0,1.0,3.0,0.0,7
1,4,103,16.0,11.0,3.0,2.0,0.0,0.0,0.0,7
1,4,201,19.0,6.0,2.0,2.0,1.0,8.0,0.0,7
1,4,202,20.0,11.0,2.0,4.0,0.0,3.0,0.0,7
1,4,203,15.0,12.0,3.0,0.0,0.0,0.0,0.0,7
1,5,101,18.0,5.0,2.0,2.0,1.0,8.0,0.0,7
1,5,102,19.0,9.0,2.0,4.0,0.0,4.0,0.0,7
1,5,103,16.0,12.0,2.0,2.0,0.0,0.0,0.0,7
1,5,201,39.0,16.0,4.0,6.0,2.0,11.0,0.0,7
1,5,202,18.0,10.0,3.0,3.0,2.0,0.0,0.0,7
1,5,203,13.0,13.0,0.0,0.0,0.0,0.0,0.0,7
1,6,101,17.0,6.0,1.0,2.0,1.0,7.0,0.0,7
1,6,102,14.0,8.0,1.0,3.0,1.0,1.0,0.0,7
1,6,103,12.0,12.0,0.0,0.0,0.0,0.0,0.0,7
1,6,201,27.0,6.0,3.0,2.0,3.0,13.0,0.0,7
1,6,202,15.0,8.0,2.0,2.0,1.0,2.0,0.0,7
1,6,203,12.0,11.0,1.0,0.0,0.0,0.0,0.0,7
1,7,101,35.0,20.0,3.0,4.0,2.0,6.0,0.0,7
1,7,102,16.0,10.0,2.0,4.0,0.0,0.0,0.0,7
1,7,201,31.0,10.0,4.0,4.0,2.0,11.0,0.0,7
1,7,202,13.0,6.0,3.0,2.0,2.0,0.0,0.0,7
1,7,203,10.0,10.0,0.0,0.0,0.0,0.0,0.0,7
1,8,101,18.0,5.0,2.0,2.0,1.0,8.0,0.0,7
1,8,102,18.0,7.0,2.0,3.0,3.0,3.0,0.0,7
1,8,103,15.0,10.0,3.0,2.0,0.0,0.0,0.0,7
1,8,201,18.0,5.0,3.0,1.0,2.0,7.0,0.0,7
1,8,202,18.0,9.0,4.0,2.0,1.0,2.0,0.0,7
1,8,203,31.0,31.0,0.0,0.0,0.0,0.0,0.0,7
1,9,101,7.0,1.0,1.0,2.0,2.0,1.0,0.0,7
1,9,102,8.0,5.0,3.0,0.0,0.0,0.0,0.0,7
1,9,201,7.0,0.0,1.0,2.0,1.0,3.0,0.0,7
1,9,202,6.0,1.0,3.0,2.0,0.0,0.0,0.0,7
1,11,101,8.0,2.0,0.0,2.0,1.0,3.0,0.0,7
1,11,102,5.0,4.0,1.0,0.0,0.0,0.0,0.0,7
1,11,201,7.0,1.0,2.0,2.0,2.0,0.0,0.0,7
1,11,202,7.0,5.0,2.0,0.0,0.0,0.0,0.0,7
1,12,101,7.0,1.0,1.0,2.0,0.0,3.0,0.0,7
1,12,102,8.0,6.0,2.0,0.0,0.0,0.0,0.0,7
1,12,201,8.0,1.0,0.0,2.0,1.0,4.0,0.0,7
1,12,202,7.0,2.0,2.0,3.0,0.0,0.0,0.0,7
1,13,101,8.0,3.0,1.0,2.0,2.0,0.0,0.0,7
1,13,102,5.0,5.0,0.0,0.0,0.0,0.0,0.0,7
1,13,201,7.0,0.0,1.0,3.0,1.0,2.0,0.0,7
1,13,202,8.0,7.0,1.0,0.0,0.0,0.0,0.0,7
1,14,101,6.0,0.0,0.0,1.0,0.0,5.0,0.0,7
1,14,102,7.0,0.0,2.0,2.0,1.0,2.0,0.0,7
1,14,201,7.0,0.0,1.0,4.0,0.0,2.0,0.0,7
1,14,202,7.0,5.0,2.0,0.0,0.0,0.0,0.0,7
2,1,101,18.0,5.0,2.0,2.0,3.0,6.0,0.0,7
2,1,102,17.0,7.0,3.0,4.0,1.0,2.0,0.0,7
2,1,103,16.0,11.0,3.0,2.0,0.0,0.0,0.0,7
2,1,104,14.0,14.0,0.0,0.0,0.0,0.0,0.0,7
2,1,201,14.0,3.0,1.0,2.0,2.0,6.0,0.0,7
2,1,202,29.0,15.0,6.0,5.0,3.0,0.0,0.0,7
2,1,203,16.0,12.0,3.0,1.0,0.0,0.0,0.0,7
2,1,204,10.0,10.0,0.0,0.0,0.0,0.0,0.0,7
2,2,101,18.0,5.0,2.0,3.0,0.0,8.0,0.0,7
2,2,102,20.0,10.0,3.0,3.0,1.0,3.0,0.0,7
2,2,103,14.0,10.0,3.0,1.0,0.0,0.0,0.0,7
2,2,201,16.0,3.0,2.0,2.0,1.0,8.0,0.0,7
2,2,202,18.0,9.0,2.0,3.0,3.0,1.0,0.0,7
2,2,203,14.0,10.0,3.0,1.0,0.0,0.0,0.0,7
2,3,101,16.0,6.0,3.0,3.0,1.0,3.0,0.0,7
2,3,102,17.0,9.0,3.0,5.0,0.0,0.0,0.0,7
2,3,103,14.0,13.0,1.0,0.0,0.0,0.0,0.0,7
2,3,201,19.0,4.0,3.0,2.0,1.0,9.0,0.0,7
2,3,202,20.0,11.0,2.0,3.0,1.0,3.0,0.0,7
2,3,203,14.0,11.0,2.0,1.0,0.0,0.0,0.0,7
2,4,102,16.0,7.0,3.0,3.0,1.0,2.0,0.0,7
2,4,103,14.0,10.0,3.0,1.0,0.0,0.0,0.0,7
2,4,201,16.0,5.0,3.0,3.0,0.0,5.0,0.0,7
2,4,202,15.0,9.0,3.0,3.0,0.0,0.0,0.0,7
2,4,203,13.0,13.0,0.0,0.0,0.0,0.0,0.0,7
2,5,101,19.0,5.0,2.0,3.0,3.0,6.0,0.0,7
2,5,102,19.0,10.0,2.0,5.0,1.0,1.0,0.0,7
2,5,103,16.0,15.0,1.0,0.0,0.0,0.0,0.0,7
2,5,201,17.0,6.0,3.0,3.0,1.0,4.0,0.0,7
2,5,202,16.0,12.0,2.0,2.0,0.0,0.0,0.0,7
2,6,101,12.0,3.0,1.0,2.0,1.0,5.0,0.0,7
2,6,102,17.0,7.0,2.0,5.0,3.0,0.0,0.0,7
2,6,103,15.0,11.0,3.0,1.0,0.0,0.0,0.0,7
2,6,201,17.0,8.0,1.0,6.0,1.0,1.0,0.0,7
2,6,202,13.0,9.0,3.0,1.0,0.0,0.0,0.0,7
2,7,101,36.0,9.0,5.0,8.0,1.0,13.0,0.0,7
2,7,102,18.0,8.0,3.0,3.0,1.0,3.0,0.0,7
2,7,103,14.0,10.0,4.0,0.0,0.0,0.0,0.0,7
2,7,201,19.0,7.0,2.0,3.0,2.0,5.0,0.0,7
2,7,202,13.0,6.0,3.0,4.0,0.0,0.0,0.0,7
2,8,101,19.0,6.0,2.0,2.0,2.0,7.0,0.0,7
2,8,102,19.0,11.0,2.0,3.0,1.0,2.0,0.0,7
2,8,103,14.0,14.0,0.0,0.0,0.0,0.0,0.0,7
2,8,201,14.0,11.0,2.0,1.0,0.0,0.0,0.0,7
2,9,101,8.0,0.0,1.0,4.0,3.0,0.0,0.0,7
2,9,102,8.0,1.0,0.0,4.0,3.0,0.0,0.0,7
2,9,103,7.0,7.0,0.0,0.0,0.0,0.0,0.0,7
2,9,201,7.0,0.0,0.0,0.0,4.0,3.0,0.0,7
2,9,202,6.0,0.0,2.0,3.0,1.0,0.0,0.0,7
2,10,101,8.0,0.0,1.0,2.0,2.0,3.0,0.0,7
2,10,102,8.0,1.0,4.0,3.0,0.0,0.0,0.0,7
2,10,103,6.0,6.0,0.0,0.0,0.0,0.0,0.0,7
2,10,201,7.0,0.0,1.0,3.0,3.0,0.0,0.0,7
2,10,202,8.0,4.0,2.0,2.0,0.0,0.0,0.0,7
2,11,101,7.0,5.0,1.0,1.0,0.0,0.0,0.0,7
2,11,201,7.0,0.0,1.0,2.0,3.0,1.0,0.0,7
2,11,202,7.0,3.0,3.0,1.0,0.0,0.0,0.0,7
2,12,101,7.0,0.0,0.0,2.0,0.0,5.0,0.0,7
2,12,102,7.0,2.0,2.0,2.0,1.0,0.0,0.0,7
2,12,201,8.0,0.0,1.0,1.0,2.0,4.0,0.0,7
2,12,202,6.0,1.0,2.0,3.0,0.0,0.0,0.0,7
2,13,101,7.0,0.0,2.0,1.0,2.0,2.0,0.0,7
2,13,201,8.0,1.0,2.0,2.0,2.0,1.0,0.0,7
2,13,202,7.0,5.0,2.0,0.0,0.0,0.0,0.0,7
2,14,101,7.0,1.0,0.0,1.0,2.0,3.0,0.0,7
2,14,102,6.0,3.0,2.0,1.0,0.0,0.0,0.0,7
2,14,201,8.0,1.0,1.0,2.0,2.0,2.0,0.0,7
2,14,202,7.0,5.0,2.0,0.0,0.0,0.0,0.0,7
3,1,101,37.0,13.0,4.0,5.0,1.0,14.0,0.0,7
3,1,102,16.0,8.0,2.0,2.0,0.0,4.0,0.0,7
3,1,103,13.0,9.0,3.0,1.0,0.0,0.0,0.0,7
3,1,201,37.0,13.0,4.0,4.0,1.0,15.0,0.0,7
3,1,202,19.0,9.0,2.0,3.0,1.0,4.0,0.0,7
3,1,203,16.0,11.0,4.0,1.0,0.0,0.0,0.0,7
3,2,101,21.0,10.0,2.0,3.0,3.0,3.0,0.0,7
3,2,102,18.0,12.0,3.0,3.0,0.0,0.0,0.0,7
3,2,201,20.0,9.0,3.0,2.0,3.0,3.0,0.0,7
3,2,202,17.0,12.0,3.0,2.0,0.0,0.0,0.0,7
3,3,101,18.0,5.0,3.0,3.0,0.0,7.0,0.0,7
3,3,102,17.0,10.0,2.0,3.0,0.0,2.0,0.0,7
3,3,103,12.0,11.0,1.0,0.0,0.0,0.0,0.0,7
3,3,201,19.0,9.0,2.0,3.0,1.0,4.0,0.0,7
3,3,202,16.0,11.0,3.0,2.0,0.0,0.0,0.0,7
3,4,101,18.0,6.0,2.0,2.0,1.0,7.0,0.0,7
3,4,102,16.0,6.0,2.0,2.0,2.0,4.0,0.0,7
3,4,103,15.0,11.0,2.0,2.0,0.0,0.0,0.0,7
3,4,201,37.0,10.0,5.0,5.0,2.0,15.0,0.0,7
3,4,202,18.0,9.0,2.0,3.0,1.0,3.0,0.0,7
3,4,203,14.0,13.0,1.0,0.0,0.0,0.0,0.0,7
3,5,101,20.0,6.0,3.0,2.0,1.0,8.0,0.0,7
3,5,102,15.0,7.0,2.0,2.0,2.0,2.0,0.0,7
3,5,103,14.0,13.0,1.0,0.0,0.0,0.0,0.0,7
3,5,201,32.0,9.0,3.0,3.0,5.0,12.0,0.0,7
3,5,202,16.0,8.0,3.0,2.0,2.0,1.0,0.0,7
3,5,203,12.0,12.0,0.0,0.0,0.0,0.0,0.0,7
3,6,101,19.0,9.0,1.0,2.0,0.0,7.0,0.0,7
3,6,102,15.0,9.0,2.0,2.0,1.0,1.0,0.0,7
3,6,103,13.0,13.0,0.0,0.0,0.0,0.0,0.0,7
3,6,201,20.0,8.0,1.0,1.0,2.0,8.0,0.0,7
3,6,202,13.0,6.0,2.0,2.0,2.0,1.0,0.0,7
3,6,203,11.0,11.0,0.0,0.0,0.0,0.0,0.0,7
3,7,101,32.0,8.0,4.0,5.0,3.0,12.0,0.0,7
3,7,102,16.0,11.0,3.0,1.0,1.0,0.0,0.0,7
3,7,103,16.0,12.0,4.0,0.0,0.0,0.0,0.0,7
3,7,201,31.0,5.0,4.0,4.0,4.0,14.0,0.0,7
3,7,202,19.0,10.0,2.0,2.0,1.0,4.0,0.0,7
3,7,203,15.0,12.0,3.0,0.0,0.0,0.0,0.0,7
3,8,101,18.0,6.0,2.0,1.0,2.0,7.0,0.0,7
3,8,102,16.0,8.0,3.0,2.0,1.0,2.0,0.0,7
3,8,103,13.0,13.0,0.0,0.0,0.0,0.0,0.0,7
3,8,201,31.0,8.0,6.0,3.0,4.0,10.0,0.0,7
3,8,202,17.0,8.0,3.0,2.0,2.0,2.0,0.0,7
3,8,203,13.0,13.0,0.0,0.0,0.0,0.0,0.0,7
3,9,101,6.0,0.0,0.0,2.0,1.0,3.0,0.0,7
3,9,102,7.0,3.0,2.0,2.0,0.0,0.0,0.0,7
3,9,201,7.0,1.0,2.0,2.0,2.0,0.0,0.0,7
3,9,202,6.0,6.0,0.0,0.0,0.0,0.0,0.0,7
3,10,101,8.0,2.0,0.0,1.0,1.0,4.0,0.0,7
3,10,101,7.0,2.0,0.0,2.0,1.0,2.0,0.0,7
3,10,102,6.0,1.0,2.0,3.0,0.0,0.0,0.0,7
3,10,102,7.0,5.0,2.0,0.0,0.0,0.0,0.0,7
3,10,103,6.0,6.0,0.0,0.0,0.0,0.0,0.0,7
3,10,201,7.0,0.0,1.0,2.0,1.0,3.0,0.0,7
3,10,201,7.0,1.0,1.0,1.0,1.0,3.0,0.0,7
3,10,202,7.0,3.0,4.0,0.0,0.0,0.0,0.0,7
3,10,202,7.0,4.0,3.0,0.0,0.0,0.0,0.0,7
3,11,101,6.0,0.0,0.0,2.0,0.0,4.0,0.0,7
3,11,102,6.0,2.0,3.0,1.0,0.0,0.0,0.0,7
3,11,201,8.0,1.0,1.0,2.0,0.0,4.0,0.0,7
3,11,202,7.0,3.0,3.0,1.0,0.0,0.0,0.0,7
3,12,101,5.0,2.0,0.0,1.0,0.0,2.0,0.0,7
3,12,102,6.0,2.0,1.0,3.0,0.0,0.0,0.0,7
3,12,201,7.0,1.0,1.0,1.0,1.0,3.0,0.0,7
3,12,202,7.0,3.0,3.0,1.0,0.0,0.0,0.0,7
3,13,101,6.0,0.0,0.0,2.0,2.0,2.0,0.0,7
3,13,102,5.0,3.0,2.0,0.0,0.0,0.0,0.0,7
3,13,201,7.0,0.0,2.0,2.0,1.0,2.0,0.0,7
3,13,202,6.0,6.0,0.0,0.0,0.0,0.0,0.0,7
3,14,101,7.0,1.0,0.0,1.0,1.0,4.0,0.0,7
3,14,102,6.0,1.0,3.0,2.0,0.0,0.0,0.0,7
3,14,201,8.0,1.0,0.0,3.0,0.0,4.0,0.0,7
3,14,202,7.0,2.0,4.0,1.0,0.0,0.0,0.0,7
5,1,101,19.0,7.0,3.0,4.0,1.0,4.0,0.0,7
5,1,102,17.0,10.0,3.0,4.0,0.0,0.0,0.0,7
5,1,103,14.0,14.0,0.0,0.0,0.0,0.0,0.0,7
5,1,201,20.0,8.0,3.0,5.0,1.0,3.0,0.0,7
5,1,202,16.0,10.0,2.0,4.0,0.0,0.0,0.0,7
5,2,101,13.0,7.0,0.0,4.0,1.0,1.0,0.0,7
5,2,102,14.0,10.0,2.0,2.0,0.0,0.0,0.0,7
5,2,201,17.0,10.0,3.0,3.0,1.0,0.0,0.0,7
5,2,202,12.0,11.0,1.0,0.0,0.0,0.0,0.0,7
5,3,101,17.0,6.0,3.0,3.0,3.0,2.0,0.0,7
5,3,102,22.0,16.0,3.0,3.0,0.0,0.0,0.0,7
5,3,103,13.0,12.0,1.0,0.0,0.0,0.0,0.0,7
5,3,201,31.0,14.0,5.0,3.0,3.0,6.0,0.0,7
5,3,202,25.0,15.0,6.0,3.0,1.0,0.0,0.0,7
5,3,203,12.0,10.0,2.0,0.0,0.0,0.0,0.0,7
5,4,101,18.0,7.0,3.0,3.0,2.0,3.0,0.0,7
5,4,102,15.0,11.0,2.0,2.0,0.0,0.0,0.0,7
5,4,201,19.0,8.0,3.0,3.0,2.0,3.0,0.0,7
5,4,202,15.0,10.0,2.0,3.0,0.0,0.0,0.0,7
5,5,101,17.0,10.0,1.0,5.0,1.0,0.0,0.0,7
5,5,102,11.0,10.0,0.0,1.0,0.0,0.0,0.0,7
5,5,201,15.0,7.0,1.0,4.0,1.0,2.0,0.0,7
5,5,202,13.0,8.0,1.0,4.0,0.0,0.0,0.0,7
5,6,101,15.0,7.0,3.0,4.0,1.0,0.0,0.0,7
5,6,102,14.0,11.0,3.0,0.0,0.0,0.0,0.0,7
5,6,201,25.0,7.0,3.0,5.0,4.0,6.0,0.0,7
5,6,202,15.0,6.0,3.0,2.0,4.0,0.0,0.0,7
5,6,203,17.0,12.0,5.0,0.0,0.0,0.0,0.0,7
5,6,204,25.0,25.0,0.0,0.0,0.0,0.0,0.0,7
5,7,101,8.0,2.0,0.0,2.0,1.0,3.0,0.0,7
5,7,102,6.0,4.0,0.0,2.0,0.0,0.0,0.0,7
5,7,201,7.0,3.0,0.0,3.0,1.0,0.0,0.0,7
5,7,202,7.0,7.0,0.0,0.0,0.0,0.0,0.0,7
5,8,101,8.0,3.0,1.0,2.0,2.0,0.0,0.0,7
5,8,102,8.0,7.0,1.0,0.0,0.0,0.0,0.0,7
5,8,201,7.0,1.0,2.0,2.0,2.0,0.0,0.0,7
5,8,202,8.0,7.0,1.0,0.0,0.0,0.0,0.0,7
5,9,101,7.0,1.0,2.0,2.0,2.0,0.0,0.0,7
5,9,102,8.0,6.0,2.0,0.0,0.0,0.0,0.0,7
6,1,101,46.0,18.0,8.0,3.0,3.0,14.0,0.0,7
6,1,102,20.0,11.0,3.0,2.0,2.0,2.0,0.0,7
6,1,103,18.0,16.0,2.0,0.0,0.0,0.0,0.0,7
6,1,201,18.0,4.0,3.0,1.0,2.0,8.0,0.0,7
6,1,202,18.0,8.0,4.0,2.0,2.0,2.0,0.0,7
6,2,101,18.0,9.0,2.0,2.0,1.0,4.0,0.0,7
6,2,102,16.0,12.0,3.0,1.0,0.0,0.0,0.0,7
6,2,201,15.0,6.0,3.0,1.0,2.0,3.0,0.0,7
6,2,202,15.0,11.0,3.0,1.0,0.0,0.0,0.0,7
6,3,101,16.0,8.0,2.0,2.0,1.0,3.0,0.0,7
6,3,102,19.0,17.0,2.0,0.0,0.0,0.0,0.0,7
6,3,201,20.0,10.0,3.0,1.0,2.0,4.0,0.0,7
6,3,202,15.0,10.0,4.0,1.0,0.0,0.0,0.0,7
6,4,101,29.0,12.0,3.0,2.0,4.0,8.0,0.0,7
6,4,102,18.0,8.0,3.0,2.0,2.0,3.0,0.0,7
6,4,103,13.0,9.0,3.0,1.0,0.0,0.0,0.0,7
6,4,201,18.0,4.0,3.0,2.0,1.0,8.0,0.0,7
6,4,202,17.0,8.0,3.0,1.0,2.0,3.0,0.0,7
6,4,203,14.0,11.0,3.0,0.0,0.0,0.0,0.0,7
6,5,101,32.0,10.0,4.0,3.0,2.0,13.0,0.0,7
6,5,102,18.0,9.0,3.0,1.0,2.0,3.0,0.0,7
6,5,103,14.0,12.0,2.0,0.0,0.0,0.0,0.0,7
6,5,201,45.0,11.0,8.0,6.0,2.0,18.0,0.0,7
6,5,202,17.0,9.0,3.0,1.0,2.0,2.0,0.0,7
6,5,203,13.0,11.0,2.0,0.0,0.0,0.0,0.0,7
6,6,101,18.0,5.0,4.0,2.0,1.0,6.0,0.0,7
6,6,102,14.0,9.0,3.0,2.0,0.0,0.0,0.0,7
6,6,201,14.0,3.0,3.0,1.0,2.0,5.0,0.0,7
6,6,202,18.0,9.0,3.0,2.0,2.0,2.0,0.0,7
6,7,101,7.0,0.0,1.0,1.0,2.0,3.0,0.0,7
6,7,102,5.0,2.0,2.0,1.0,0.0,0.0,0.0,7
6,7,201,7.0,1.0,0.0,2.0,2.0,2.0,0.0,7
6,7,202,7.0,3.0,2.0,2.0,0.0,0.0,0.0,7
6,8,201,7.0,3.0,0.0,1.0,2.0,1.0,0.0,7
6,8,202,6.0,6.0,0.0,0.0,0.0,0.0,0.0,7
6,9,101,7.0,0.0,2.0,1.0,2.0,2.0,0.0,7
6,9,102,7.0,5.0,2.0,0.0,0.0,0.0,0.0,7
6,9,201,7.0,0.0,1.0,2.0,2.0,2.0,0.0,7
6,9,202,7.0,5.0,2.0,0.0,0.0,0.0,0.0,7
6,10,101,8.0,0.0,1.0,1.0,1.0,5.0,0.0,7
6,10,102,8.0,3.0,2.0,3.0,0.0,0.0,0.0,7
6,10,201,8.0,1.0,1.0,2.0,1.0,3.0,0.0,7
6,10,202,8.0,5.0,3.0,0.0,0.0,0.0,0.0,7
6,11,101,7.0,1.0,0.0,2.0,2.0,2.0,0.0,7
6,11,102,7.0,5.0,2.0,0.0,0.0,0.0,0.0,7
6,11,201,7.0,0.0,0.0,1.0,2.0,4.0,0.0,7
6,11,202,6.0,2.0,1.0,3.0,0.0,0.0,0.0,7
1,1,101,19.0,7.0,2.0,4.0,0.0,6.0,0.0,8
1,1,102,18.0,10.0,3.0,5.0,0.0,0.0,0.0,8
1,1,103,15.0,14.0,1.0,0.0,0.0,0.0,0.0,8
1,1,201,18.0,4.0,2.0,1.0,1.0,9.0,1.0,8
1,1,202,16.0,6.0,2.0,3.0,0.0,5.0,0.0,8
1,1,203,15.0,11.0,2.0,2.0,0.0,0.0,0.0,8
1,2,101,24.0,8.0,2.0,3.0,1.0,10.0,0.0,8
1,2,102,20.0,9.0,3.0,4.0,0.0,4.0,0.0,8
1,2,103,15.0,10.0,3.0,2.0,0.0,0.0,0.0,8
1,2,201,21.0,5.0,2.0,3.0,0.0,10.0,1.0,8
1,2,202,19.0,8.0,3.0,3.0,1.0,4.0,0.0,8
1,2,203,16.0,11.0,3.0,2.0,0.0,0.0,0.0,8
1,3,101,19.0,5.0,1.0,2.0,1.0,10.0,0.0,8
1,3,102,17.0,5.0,3.0,2.0,3.0,4.0,0.0,8
1,3,103,16.0,9.0,3.0,3.0,1.0,0.0,0.0,8
1,3,104,14.0,12.0,2.0,0.0,0.0,0.0,0.0,8
1,3,201,15.0,3.0,1.0,1.0,1.0,9.0,0.0,8
1,3,202,16.0,6.0,2.0,3.0,1.0,4.0,0.0,8
1,3,203,13.0,8.0,2.0,3.0,0.0,0.0,0.0,8
1,4,101,21.0,4.0,3.0,2.0,0.0,12.0,0.0,8
1,4,102,22.0,8.0,4.0,3.0,1.0,6.0,0.0,8
1,4,103,18.0,11.0,2.0,4.0,1.0,0.0,0.0,8
1,4,104,15.0,13.0,2.0,0.0,0.0,0.0,0.0,8
1,5,101,20.0,3.0,2.0,3.0,0.0,10.0,2.0,8
1,5,102,20.0,7.0,3.0,3.0,1.0,6.0,0.0,8
1,5,103,18.0,9.0,4.0,3.0,0.0,1.0,1.0,8
1,5,201,37.0,10.0,4.0,5.0,2.0,16.0,0.0,8
1,5,202,19.0,8.0,4.0,3.0,1.0,3.0,0.0,8
1,5,203,17.0,13.0,3.0,1.0,0.0,0.0,0.0,8
1,6,101,17.0,5.0,1.0,1.0,1.0,9.0,0.0,8
1,6,102,15.0,7.0,2.0,2.0,1.0,3.0,0.0,8
1,6,103,11.0,7.0,4.0,0.0,0.0,0.0,0.0,8
1,6,201,28.0,4.0,1.0,4.0,2.0,16.0,1.0,8
1,6,202,17.0,8.0,2.0,2.0,2.0,3.0,0.0,8
1,6,203,13.0,9.0,3.0,1.0,0.0,0.0,0.0,8
1,9,101,6.0,0.0,0.0,2.0,1.0,3.0,0.0,8
1,9,102,7.0,2.0,3.0,2.0,0.0,0.0,0.0,8
1,9,201,7.0,0.0,1.0,1.0,1.0,4.0,0.0,8
1,9,202,6.0,0.0,3.0,2.0,1.0,0.0,0.0,8
1,10,101,8.0,1.0,0.0,1.0,2.0,4.0,0.0,8
1,10,102,7.0,2.0,2.0,1.0,1.0,1.0,0.0,8
1,10,103,7.0,7.0,0.0,0.0,0.0,0.0,0.0,8
1,10,201,7.0,0.0,0.0,2.0,1.0,4.0,0.0,8
1,10,202,8.0,3.0,3.0,2.0,0.0,0.0,0.0,8
1,11,101,8.0,2.0,0.0,1.0,2.0,3.0,0.0,8
1,11,102,5.0,3.0,1.0,1.0,0.0,0.0,0.0,8
1,11,201,7.0,0.0,1.0,3.0,0.0,3.0,0.0,8
1,11,202,6.0,4.0,2.0,0.0,0.0,0.0,0.0,8
1,12,101,8.0,2.0,0.0,1.0,2.0,3.0,0.0,8
1,12,102,8.0,3.0,3.0,2.0,0.0,0.0,0.0,8
1,12,201,7.0,0.0,0.0,1.0,1.0,5.0,0.0,8
1,12,202,6.0,0.0,2.0,2.0,2.0,0.0,0.0,8
1,13,101,8.0,3.0,0.0,2.0,0.0,3.0,0.0,8
1,13,102,6.0,3.0,3.0,0.0,0.0,0.0,0.0,8
1,13,201,8.0,0.0,2.0,2.0,1.0,3.0,0.0,8
1,13,202,7.0,2.0,3.0,2.0,0.0,0.0,0.0,8
1,14,101,7.0,0.0,0.0,1.0,0.0,5.0,1.0,8
1,14,102,7.0,0.0,0.0,3.0,0.0,4.0,0.0,8
1,14,103,6.0,1.0,3.0,2.0,0.0,0.0,0.0,8
1,14,201,8.0,1.0,1.0,2.0,2.0,2.0,0.0,8
1,14,202,8.0,3.0,3.0,2.0,0.0,0.0,0.0,8
2,1,101,17.0,2.0,2.0,3.0,1.0,8.0,1.0,8
2,1,102,17.0,4.0,3.0,4.0,2.0,4.0,0.0,8
2,1,103,16.0,8.0,4.0,4.0,0.0,0.0,0.0,8
2,1,104,15.0,13.0,2.0,0.0,0.0,0.0,0.0,8
2,1,201,15.0,3.0,0.0,1.0,1.0,9.0,1.0,8
2,1,202,28.0,10.0,6.0,4.0,2.0,6.0,0.0,8
2,1,203,15.0,9.0,2.0,4.0,0.0,0.0,0.0,8
2,1,204,14.0,13.0,1.0,0.0,0.0,0.0,0.0,8
2,2,101,22.0,6.0,2.0,3.0,0.0,9.0,2.0,8
2,2,102,19.0,9.0,2.0,2.0,1.0,5.0,0.0,8
2,2,103,17.0,10.0,3.0,4.0,0.0,0.0,0.0,8
2,2,201,16.0,0.0,2.0,1.0,1.0,10.0,2.0,8
2,2,202,19.0,8.0,2.0,4.0,1.0,4.0,0.0,8
2,2,203,15.0,8.0,4.0,3.0,0.0,0.0,0.0,8
2,3,101,19.0,5.0,2.0,4.0,0.0,5.0,3.0,8
2,3,102,18.0,9.0,2.0,4.0,1.0,2.0,0.0,8
2,3,103,16.0,12.0,3.0,1.0,0.0,0.0,0.0,8
2,3,201,21.0,4.0,2.0,2.0,1.0,11.0,1.0,8
2,3,202,22.0,10.0,3.0,4.0,0.0,5.0,0.0,8
2,3,203,18.0,11.0,3.0,4.0,0.0,0.0,0.0,8
2,4,102,16.0,5.0,3.0,4.0,0.0,4.0,0.0,8
2,4,103,15.0,9.0,3.0,3.0,0.0,0.0,0.0,8
2,4,201,16.0,4.0,1.0,3.0,2.0,5.0,1.0,8
2,4,202,14.0,6.0,2.0,5.0,1.0,0.0,0.0,8
2,4,203,14.0,10.0,3.0,1.0,0.0,0.0,0.0,8
2,5,101,20.0,4.0,2.0,4.0,0.0,9.0,1.0,8
2,5,102,19.0,7.0,3.0,3.0,3.0,3.0,0.0,8
2,5,103,18.0,12.0,3.0,3.0,0.0,0.0,0.0,8
2,5,201,20.0,7.0,3.0,2.0,2.0,6.0,0.0,8
2,5,202,17.0,10.0,3.0,4.0,0.0,0.0,0.0,8
2,6,101,16.0,2.0,1.0,2.0,1.0,6.0,4.0,8
2,6,102,18.0,6.0,3.0,4.0,1.0,4.0,0.0,8
2,6,103,18.0,11.0,3.0,4.0,0.0,0.0,0.0,8
2,6,201,17.0,5.0,3.0,5.0,2.0,2.0,0.0,8
2,6,202,14.0,8.0,2.0,4.0,0.0,0.0,0.0,8
2,7,101,36.0,6.0,4.0,6.0,4.0,16.0,0.0,8
2,7,101,37.0,15.0,6.0,6.0,1.0,9.0,0.0,8
2,7,102,19.0,7.0,3.0,3.0,1.0,5.0,0.0,8
2,7,102,19.0,10.0,3.0,5.0,1.0,0.0,0.0,8
2,7,103,15.0,9.0,2.0,4.0,0.0,0.0,0.0,8
2,7,201,20.0,6.0,2.0,4.0,0.0,8.0,0.0,8
2,7,201,31.0,6.0,4.0,4.0,0.0,16.0,1.0,8
2,7,202,16.0,6.0,3.0,5.0,0.0,2.0,0.0,8
2,7,202,13.0,6.0,2.0,2.0,1.0,2.0,0.0,8
2,7,203,13.0,9.0,4.0,0.0,0.0,0.0,0.0,8
2,7,203,11.0,8.0,3.0,0.0,0.0,0.0,0.0,8
2,8,101,21.0,6.0,3.0,2.0,0.0,10.0,0.0,8
2,8,101,22.0,4.0,2.0,2.0,3.0,8.0,3.0,8
2,8,102,21.0,10.0,3.0,3.0,0.0,5.0,0.0,8
2,8,102,18.0,4.0,4.0,3.0,1.0,6.0,0.0,8
2,8,103,16.0,11.0,4.0,1.0,0.0,0.0,0.0,8
2,8,103,18.0,10.0,3.0,5.0,0.0,0.0,0.0,8
2,8,201,17.0,11.0,3.0,3.0,0.0,0.0,0.0,8
2,8,201,20.0,4.0,3.0,3.0,0.0,9.0,1.0,8
2,8,202,20.0,9.0,3.0,4.0,0.0,4.0,0.0,8
2,8,203,39.0,33.0,5.0,1.0,0.0,0.0,0.0,8
2,9,101,7.0,0.0,1.0,2.0,3.0,1.0,0.0,8
2,9,102,6.0,3.0,1.0,2.0,0.0,0.0,0.0,8
2,9,201,7.0,0.0,0.0,0.0,2.0,5.0,0.0,8
2,9,202,6.0,0.0,2.0,1.0,1.0,2.0,0.0,8
2,10,101,8.0,0.0,0.0,3.0,1.0,4.0,0.0,8
2,10,102,7.0,0.0,3.0,2.0,2.0,0.0,0.0,8
2,10,201,8.0,0.0,0.0,2.0,1.0,5.0,0.0,8
2,10,202,8.0,0.0,4.0,4.0,0.0,0.0,0.0,8
2,11,101,8.0,7.0,0.0,1.0,0.0,0.0,0.0,8
2,11,201,7.0,0.0,0.0,2.0,1.0,4.0,0.0,8
2,11,202,6.0,0.0,3.0,3.0,0.0,0.0,0.0,8
2,12,101,8.0,1.0,0.0,1.0,1.0,5.0,0.0,8
2,12,102,7.0,2.0,0.0,3.0,1.0,1.0,0.0,8
2,12,103,7.0,7.0,0.0,0.0,0.0,0.0,0.0,8
2,12,201,8.0,0.0,0.0,2.0,2.0,4.0,0.0,8
2,12,202,7.0,2.0,1.0,3.0,1.0,0.0,0.0,8
2,13,101,7.0,0.0,1.0,2.0,2.0,2.0,0.0,8
2,13,201,8.0,1.0,0.0,2.0,1.0,4.0,0.0,8
2,13,202,7.0,2.0,3.0,2.0,0.0,0.0,0.0,8
2,14,101,7.0,1.0,0.0,1.0,1.0,4.0,0.0,8
2,14,102,7.0,3.0,2.0,2.0,0.0,0.0,0.0,8
2,14,201,7.0,0.0,1.0,1.0,1.0,4.0,0.0,8
2,14,202,7.0,3.0,2.0,2.0,0.0,0.0,0.0,8
3,1,101,36.0,9.0,3.0,3.0,2.0,18.0,1.0,8
3,1,102,17.0,7.0,2.0,2.0,1.0,5.0,0.0,8
3,1,103,15.0,9.0,3.0,2.0,1.0,0.0,0.0,8
3,1,201,39.0,10.0,4.0,4.0,2.0,17.0,2.0,8
3,1,202,20.0,7.0,3.0,3.0,0.0,7.0,0.0,8
3,1,203,16.0,9.0,3.0,3.0,1.0,0.0,0.0,8
3,2,101,23.0,9.0,3.0,2.0,1.0,8.0,0.0,8
3,2,102,20.0,11.0,3.0,4.0,1.0,1.0,0.0,8
3,2,103,16.0,13.0,3.0,0.0,0.0,0.0,0.0,8
3,2,201,20.0,7.0,3.0,2.0,1.0,7.0,0.0,8
3,2,202,17.0,10.0,3.0,3.0,1.0,0.0,0.0,8
3,3,101,20.0,5.0,2.0,2.0,1.0,9.0,1.0,8
3,3,102,17.0,7.0,3.0,2.0,2.0,3.0,0.0,8
3,3,103,14.0,9.0,3.0,2.0,0.0,0.0,0.0,8
3,3,201,19.0,7.0,3.0,1.0,2.0,6.0,0.0,8
3,3,202,18.0,10.0,3.0,3.0,1.0,1.0,0.0,8
3,3,203,14.0,13.0,1.0,0.0,0.0,0.0,0.0,8
3,4,101,21.0,5.0,2.0,2.0,1.0,9.0,2.0,8
3,4,102,18.0,6.0,2.0,3.0,0.0,7.0,0.0,8
3,4,103,17.0,10.0,2.0,4.0,0.0,1.0,0.0,8
3,4,201,37.0,9.0,3.0,4.0,2.0,19.0,0.0,8
3,4,202,19.0,7.0,3.0,3.0,0.0,6.0,0.0,8
3,4,203,16.0,10.0,3.0,3.0,0.0,0.0,0.0,8
3,5,101,21.0,4.0,3.0,2.0,1.0,10.0,1.0,8
3,5,102,16.0,6.0,3.0,2.0,0.0,5.0,0.0,8
3,5,103,17.0,12.0,3.0,2.0,0.0,0.0,0.0,8
3,5,201,31.0,8.0,1.0,5.0,2.0,15.0,0.0,8
3,5,202,16.0,6.0,3.0,4.0,0.0,3.0,0.0,8
3,5,203,12.0,8.0,4.0,0.0,0.0,0.0,0.0,8
3,6,101,18.0,5.0,3.0,1.0,1.0,8.0,0.0,8
3,6,102,17.0,8.0,3.0,2.0,2.0,2.0,0.0,8
3,6,103,14.0,10.0,4.0,0.0,0.0,0.0,0.0,8
3,6,201,19.0,5.0,2.0,1.0,2.0,9.0,0.0,8
3,6,202,16.0,7.0,3.0,2.0,1.0,3.0,0.0,8
3,6,203,13.0,9.0,4.0,0.0,0.0,0.0,0.0,8
3,7,101,35.0,7.0,5.0,5.0,2.0,15.0,1.0,8
3,7,102,20.0,8.0,4.0,2.0,0.0,2.0,4.0,8
3,7,103,18.0,12.0,3.0,3.0,0.0,0.0,0.0,8
3,7,201,30.0,2.0,3.0,5.0,0.0,20.0,0.0,8
3,7,202,20.0,8.0,3.0,2.0,1.0,6.0,0.0,8
3,7,203,17.0,11.0,3.0,3.0,0.0,0.0,0.0,8
3,8,101,18.0,4.0,2.0,2.0,1.0,9.0,0.0,8
3,8,102,18.0,8.0,2.0,3.0,0.0,5.0,0.0,8
3,8,103,16.0,11.0,4.0,1.0,0.0,0.0,0.0,8
3,8,201,33.0,8.0,4.0,4.0,1.0,16.0,0.0,8
3,8,202,19.0,8.0,3.0,3.0,0.0,5.0,0.0,8
3,8,203,16.0,11.0,3.0,2.0,0.0,0.0,0.0,8
3,9,101,7.0,2.0,0.0,1.0,0.0,4.0,0.0,8
3,9,102,7.0,1.0,3.0,3.0,0.0,0.0,0.0,8
3,9,201,7.0,0.0,1.0,3.0,0.0,3.0,0.0,8
3,9,202,7.0,3.0,4.0,0.0,0.0,0.0,0.0,8
3,10,101,7.0,2.0,0.0,1.0,0.0,4.0,0.0,8
3,10,102,6.0,2.0,2.0,2.0,0.0,0.0,0.0,8
3,10,201,7.0,1.0,0.0,1.0,1.0,4.0,0.0,8
3,10,202,7.0,3.0,2.0,2.0,0.0,0.0,0.0,8
3,11,101,6.0,0.0,0.0,0.0,2.0,4.0,0.0,8
3,11,102,7.0,1.0,3.0,3.0,0.0,0.0,0.0,8
3,11,201,8.0,1.0,0.0,1.0,1.0,5.0,0.0,8
3,11,202,6.0,0.0,3.0,2.0,1.0,0.0,0.0,8
3,12,101,8.0,4.0,0.0,0.0,1.0,2.0,1.0,8
3,12,102,6.0,2.0,1.0,1.0,2.0,0.0,0.0,8
3,12,201,7.0,1.0,0.0,1.0,1.0,4.0,0.0,8
3,12,202,6.0,1.0,3.0,1.0,1.0,0.0,0.0,8
3,13,101,8.0,2.0,0.0,1.0,1.0,4.0,0.0,8
3,13,102,7.0,3.0,2.0,2.0,0.0,0.0,0.0,8
3,13,201,7.0,0.0,1.0,1.0,1.0,4.0,0.0,8
3,13,202,4.0,0.0,4.0,0.0,0.0,0.0,0.0,8
3,14,101,7.0,0.0,1.0,1.0,1.0,4.0,0.0,8
3,14,102,8.0,2.0,3.0,3.0,0.0,0.0,0.0,8
3,14,201,8.0,1.0,0.0,1.0,2.0,4.0,0.0,8
3,14,202,7.0,1.0,3.0,3.0,0.0,0.0,0.0,8
5,1,101,19.0,5.0,2.0,6.0,1.0,5.0,0.0,8
5,1,102,18.0,8.0,3.0,6.0,1.0,0.0,0.0,8
5,1,103,14.0,11.0,2.0,1.0,0.0,0.0,0.0,8
5,1,201,21.0,7.0,3.0,6.0,1.0,4.0,0.0,8
5,1,202,18.0,9.0,3.0,6.0,0.0,0.0,0.0,8
5,1,203,15.0,12.0,3.0,0.0,0.0,0.0,0.0,8
5,2,101,12.0,5.0,1.0,3.0,1.0,2.0,0.0,8
5,2,102,15.0,8.0,3.0,4.0,0.0,0.0,0.0,8
5,2,103,14.0,12.0,2.0,0.0,0.0,0.0,0.0,8
5,2,201,16.0,6.0,3.0,6.0,0.0,1.0,0.0,8
5,2,202,12.0,7.0,3.0,2.0,0.0,0.0,0.0,8
5,3,101,17.0,5.0,2.0,4.0,1.0,5.0,0.0,8
5,3,102,22.0,11.0,5.0,6.0,0.0,0.0,0.0,8
5,3,103,13.0,11.0,2.0,0.0,0.0,0.0,0.0,8
5,3,201,31.0,13.0,2.0,6.0,0.0,10.0,0.0,8
5,3,202,26.0,13.0,4.0,8.0,1.0,0.0,0.0,8
5,3,203,12.0,7.0,3.0,2.0,0.0,0.0,0.0,8
5,4,101,19.0,6.0,3.0,4.0,0.0,6.0,0.0,8
5,4,102,15.0,7.0,4.0,3.0,1.0,0.0,0.0,8
5,4,201,21.0,7.0,3.0,5.0,1.0,4.0,1.0,8
5,4,202,19.0,10.0,3.0,6.0,0.0,0.0,0.0,8
5,4,203,14.0,12.0,2.0,0.0,0.0,0.0,0.0,8
5,5,101,20.0,6.0,2.0,4.0,3.0,2.0,3.0,8
5,5,102,14.0,11.0,0.0,3.0,0.0,0.0,0.0,8
5,5,201,16.0,5.0,2.0,3.0,0.0,4.0,2.0,8
5,5,202,15.0,9.0,1.0,5.0,0.0,0.0,0.0,8
5,6,101,16.0,6.0,3.0,5.0,0.0,2.0,0.0,8
5,6,102,13.0,7.0,4.0,2.0,0.0,0.0,0.0,8
5,6,201,24.0,5.0,1.0,5.0,3.0,9.0,1.0,8
5,6,202,15.0,5.0,2.0,4.0,0.0,4.0,0.0,8
5,6,203,16.0,7.0,5.0,4.0,0.0,0.0,0.0,8
5,6,204,26.0,24.0,2.0,0.0,0.0,0.0,0.0,8
5,7,101,8.0,2.0,0.0,1.0,2.0,3.0,0.0,8
5,7,102,6.0,4.0,0.0,2.0,0.0,0.0,0.0,8
5,7,201,7.0,3.0,0.0,1.0,3.0,0.0,0.0,8
5,7,202,8.0,7.0,1.0,0.0,0.0,0.0,0.0,8
5,8,101,8.0,2.0,1.0,2.0,1.0,2.0,0.0,8
5,8,102,8.0,5.0,2.0,1.0,0.0,0.0,0.0,8
5,8,201,8.0,1.0,0.0,3.0,3.0,1.0,0.0,8
5,8,202,8.0,3.0,4.0,1.0,0.0,0.0,0.0,8
5,9,101,7.0,0.0,2.0,2.0,1.0,2.0,0.0,8
5,9,102,8.0,4.0,3.0,1.0,0.0,0.0,0.0,8
6,1,101,42.0,7.0,7.0,4.0,5.0,19.0,0.0,8
6,1,102,19.0,8.0,3.0,2.0,0.0,6.0,0.0,8
6,1,103,14.0,8.0,4.0,2.0,0.0,0.0,0.0,8
6,1,201,15.0,4.0,1.0,0.0,1.0,9.0,0.0,8
6,1,202,15.0,6.0,3.0,1.0,2.0,3.0,0.0,8
6,1,203,16.0,15.0,1.0,0.0,0.0,0.0,0.0,8
6,2,101,18.0,5.0,3.0,1.0,3.0,6.0,0.0,8
6,2,102,16.0,10.0,3.0,2.0,1.0,0.0,0.0,8
6,2,201,17.0,6.0,2.0,1.0,1.0,7.0,0.0,8
6,2,202,15.0,9.0,3.0,3.0,0.0,0.0,0.0,8
6,3,101,16.0,6.0,2.0,2.0,1.0,5.0,0.0,8
6,3,102,21.0,16.0,3.0,2.0,0.0,0.0,0.0,8
6,3,201,19.0,7.0,2.0,1.0,3.0,6.0,0.0,8
6,3,202,16.0,9.0,3.0,2.0,1.0,1.0,0.0,8
6,4,101,25.0,6.0,2.0,0.0,5.0,11.0,1.0,8
6,4,102,18.0,5.0,3.0,2.0,1.0,7.0,0.0,8
6,4,103,16.0,9.0,3.0,3.0,1.0,0.0,0.0,8
6,4,201,16.0,3.0,1.0,1.0,2.0,8.0,1.0,8
6,4,202,18.0,7.0,3.0,1.0,3.0,4.0,0.0,8
6,4,203,16.0,12.0,2.0,2.0,0.0,0.0,0.0,8
6,5,101,32.0,9.0,3.0,2.0,3.0,15.0,0.0,8
6,5,102,18.0,8.0,2.0,1.0,1.0,6.0,0.0,8
6,5,103,15.0,10.0,3.0,2.0,0.0,0.0,0.0,8
6,5,201,44.0,9.0,6.0,3.0,3.0,21.0,2.0,8
6,5,202,17.0,7.0,3.0,1.0,1.0,5.0,0.0,8
6,5,203,12.0,7.0,3.0,2.0,0.0,0.0,0.0,8
6,6,101,16.0,4.0,3.0,1.0,0.0,8.0,0.0,8
6,6,102,16.0,8.0,4.0,2.0,0.0,2.0,0.0,8
6,6,201,16.0,3.0,0.0,1.0,2.0,7.0,3.0,8
6,6,202,19.0,8.0,3.0,2.0,0.0,6.0,0.0,8
6,6,203,14.0,10.0,3.0,1.0,0.0,0.0,0.0,8
6,7,101,7.0,0.0,0.0,1.0,1.0,4.0,1.0,8
6,7,102,7.0,3.0,2.0,2.0,0.0,0.0,0.0,8
6,7,201,7.0,1.0,0.0,0.0,1.0,5.0,0.0,8
6,7,202,7.0,2.0,2.0,1.0,2.0,0.0,0.0,8
6,8,201,7.0,3.0,0.0,1.0,0.0,3.0,0.0,8
6,8,202,6.0,3.0,3.0,0.0,0.0,0.0,0.0,8
6,9,101,7.0,0.0,0.0,2.0,0.0,5.0,0.0,8
6,9,102,6.0,2.0,2.0,2.0,0.0,0.0,0.0,8
6,9,201,7.0,0.0,1.0,1.0,1.0,4.0,0.0,8
6,9,202,8.0,3.0,3.0,2.0,0.0,0.0,0.0,8
6,10,101,8.0,0.0,0.0,1.0,0.0,7.0,0.0,8
6,10,102,7.0,1.0,2.0,1.0,1.0,2.0,0.0,8
6,10,201,8.0,1.0,0.0,2.0,2.0,3.0,0.0,8
6,10,202,8.0,3.0,3.0,2.0,0.0,0.0,0.0,8
6,11,101,7.0,1.0,0.0,0.0,2.0,4.0,0.0,8
6,11,102,7.0,3.0,3.0,1.0,0.0,0.0,0.0,8
6,11,201,7.0,0.0,0.0,0.0,1.0,6.0,0.0,8
6,11,202,6.0,1.0,1.0,1.0,3.0,0.0,0.0,8
1,1,101,20.0,6.0,3.0,4.0,1.0,6.0,0.0,9
1,1,102,18.0,9.0,2.0,4.0,3.0,0.0,0.0,9
1,1,103,15.0,12.0,2.0,1.0,0.0,0.0,0.0,9
1,1,201,19.0,5.0,0.0,3.0,0.0,10.0,1.0,9
1,1,202,17.0,5.0,3.0,2.0,2.0,5.0,0.0,9
1,1,203,15.0,9.0,3.0,3.0,0.0,0.0,0.0,9
1,2,101,25.0,7.0,2.0,5.0,0.0,11.0,0.0,9
1,2,102,22.0,9.0,3.0,5.0,0.0,5.0,0.0,9
1,2,103,16.0,9.0,3.0,4.0,0.0,0.0,0.0,9
1,2,104,16.0,15.0,1.0,0.0,0.0,0.0,0.0,9
1,2,201,21.0,4.0,2.0,2.0,2.0,10.0,1.0,9
1,2,202,19.0,7.0,3.0,3.0,0.0,6.0,0.0,9
1,2,203,16.0,9.0,4.0,3.0,0.0,0.0,0.0,9
1,3,101,18.0,4.0,0.0,1.0,2.0,11.0,0.0,9
1,3,102,18.0,5.0,2.0,3.0,1.0,7.0,0.0,9
1,3,103,16.0,7.0,3.0,3.0,2.0,1.0,0.0,9
1,3,104,12.0,8.0,2.0,2.0,0.0,0.0,0.0,9
1,3,201,15.0,3.0,0.0,1.0,2.0,9.0,0.0,9
1,3,202,15.0,4.0,2.0,4.0,0.0,5.0,0.0,9
1,3,203,14.0,7.0,3.0,2.0,2.0,0.0,0.0,9
1,3,204,18.0,16.0,2.0,0.0,0.0,0.0,0.0,9
1,4,101,23.0,5.0,2.0,2.0,2.0,12.0,0.0,9
1,4,102,22.0,7.0,3.0,4.0,1.0,7.0,0.0,9
1,4,103,20.0,10.0,3.0,3.0,3.0,1.0,0.0,9
1,4,104,15.0,11.0,3.0,1.0,0.0,0.0,0.0,9
1,4,201,19.0,4.0,1.0,3.0,2.0,9.0,0.0,9
1,4,202,20.0,7.0,3.0,2.0,3.0,5.0,0.0,9
1,4,203,17.0,10.0,2.0,3.0,2.0,0.0,0.0,9
1,4,204,14.0,13.0,1.0,0.0,0.0,0.0,0.0,9
1,5,101,20.0,1.0,2.0,3.0,2.0,10.0,2.0,9
1,5,102,20.0,5.0,3.0,3.0,2.0,7.0,0.0,9
1,5,103,18.0,8.0,3.0,2.0,3.0,1.0,1.0,9
1,5,104,14.0,11.0,3.0,0.0,0.0,0.0,0.0,9
1,5,201,36.0,6.0,4.0,5.0,5.0,16.0,0.0,9
1,5,202,19.0,7.0,3.0,3.0,2.0,4.0,0.0,9
1,5,203,17.0,11.0,3.0,2.0,1.0,0.0,0.0,9
1,6,101,16.0,4.0,1.0,0.0,1.0,10.0,0.0,9
1,6,102,14.0,5.0,3.0,0.0,2.0,4.0,0.0,9
1,6,103,12.0,7.0,3.0,2.0,0.0,0.0,0.0,9
1,6,201,28.0,4.0,2.0,0.0,4.0,16.0,2.0,9
1,6,202,17.0,6.0,3.0,1.0,2.0,5.0,0.0,9
1,6,203,13.0,7.0,3.0,2.0,1.0,0.0,0.0,9
1,7,101,35.0,11.0,6.0,3.0,6.0,9.0,0.0,9
1,7,102,18.0,7.0,3.0,2.0,5.0,1.0,0.0,9
1,7,103,13.0,9.0,3.0,1.0,0.0,0.0,0.0,9
1,7,201,33.0,7.0,4.0,1.0,4.0,16.0,1.0,9
1,7,202,13.0,4.0,1.0,2.0,2.0,4.0,0.0,9
1,7,203,12.0,8.0,3.0,1.0,0.0,0.0,0.0,9
1,8,101,22.0,3.0,2.0,2.0,1.0,11.0,3.0,9
1,8,102,18.0,3.0,3.0,3.0,1.0,8.0,0.0,9
1,8,103,19.0,9.0,3.0,2.0,5.0,0.0,0.0,9
1,8,104,15.0,12.0,3.0,0.0,0.0,0.0,0.0,9
1,8,201,20.0,3.0,3.0,1.0,2.0,10.0,1.0,9
1,8,202,19.0,7.0,2.0,2.0,3.0,5.0,0.0,9
1,8,203,42.0,29.0,7.0,3.0,3.0,0.0,0.0,9
1,8,204,12.0,11.0,1.0,0.0,0.0,0.0,0.0,9
1,9,101,7.0,1.0,0.0,1.0,1.0,4.0,0.0,9
1,9,102,6.0,1.0,2.0,3.0,0.0,0.0,0.0,9
1,9,201,7.0,0.0,0.0,1.0,0.0,6.0,0.0,9
1,9,202,7.0,1.0,1.0,4.0,1.0,0.0,0.0,9
1,10,101,8.0,1.0,0.0,0.0,1.0,5.0,1.0,9
1,10,102,7.0,2.0,2.0,0.0,1.0,2.0,0.0,9
1,10,103,7.0,5.0,2.0,0.0,0.0,0.0,0.0,9
1,10,201,7.0,0.0,0.0,0.0,2.0,5.0,0.0,9
1,10,202,7.0,1.0,3.0,3.0,0.0,0.0,0.0,9
1,11,101,8.0,2.0,0.0,1.0,2.0,3.0,0.0,9
1,11,102,7.0,6.0,0.0,1.0,0.0,0.0,0.0,9
1,11,201,8.0,1.0,1.0,1.0,1.0,4.0,0.0,9
1,11,202,7.0,3.0,3.0,1.0,0.0,0.0,0.0,9
1,12,101,8.0,2.0,0.0,1.0,2.0,3.0,0.0,9
1,12,102,8.0,2.0,3.0,3.0,0.0,0.0,0.0,9
1,12,201,8.0,1.0,0.0,0.0,0.0,7.0,0.0,9
1,12,202,7.0,1.0,1.0,2.0,1.0,2.0,0.0,9
1,12,203,6.0,4.0,2.0,0.0,0.0,0.0,0.0,9
1,13,101,8.0,3.0,0.0,1.0,1.0,3.0,0.0,9
1,13,102,7.0,4.0,2.0,1.0,0.0,0.0,0.0,9
1,13,201,8.0,0.0,1.0,1.0,2.0,4.0,0.0,9
1,13,202,8.0,3.0,2.0,3.0,0.0,0.0,0.0,9
1,14,101,7.0,0.0,0.0,1.0,0.0,5.0,1.0,9
1,14,102,7.0,0.0,0.0,1.0,2.0,4.0,0.0,9
1,14,103,7.0,2.0,2.0,3.0,0.0,0.0,0.0,9
1,14,201,7.0,0.0,0.0,0.0,2.0,5.0,0.0,9
1,14,202,8.0,2.0,2.0,3.0,1.0,0.0,0.0,9
2,1,101,18.0,3.0,1.0,1.0,3.0,9.0,1.0,9
2,1,102,17.0,3.0,3.0,4.0,1.0,6.0,0.0,9
2,1,103,17.0,8.0,3.0,3.0,3.0,0.0,0.0,9
2,1,104,15.0,11.0,3.0,1.0,0.0,0.0,0.0,9
2,1,201,16.0,3.0,0.0,0.0,1.0,10.0,2.0,9
2,1,202,28.0,9.0,3.0,6.0,2.0,8.0,0.0,9
2,1,203,16.0,8.0,3.0,2.0,2.0,1.0,0.0,9
2,1,204,14.0,11.0,2.0,1.0,0.0,0.0,0.0,9
2,2,101,21.0,4.0,1.0,3.0,2.0,9.0,2.0,9
2,2,102,19.0,6.0,3.0,2.0,1.0,7.0,0.0,9
2,2,103,19.0,10.0,3.0,5.0,1.0,0.0,0.0,9
2,2,104,15.0,13.0,2.0,0.0,0.0,0.0,0.0,9
2,2,201,16.0,0.0,1.0,1.0,1.0,11.0,2.0,9
2,2,202,18.0,5.0,3.0,3.0,2.0,4.0,1.0,9
2,2,203,13.0,5.0,2.0,4.0,2.0,0.0,0.0,9
2,2,204,11.0,10.0,1.0,0.0,0.0,0.0,0.0,9
2,3,101,19.0,3.0,3.0,3.0,1.0,6.0,3.0,9
2,3,102,18.0,6.0,2.0,4.0,3.0,3.0,0.0,9
2,3,103,15.0,9.0,3.0,3.0,0.0,0.0,0.0,9
2,3,201,21.0,3.0,2.0,3.0,0.0,12.0,1.0,9
2,3,202,21.0,7.0,3.0,3.0,2.0,6.0,0.0,9
2,3,203,19.0,10.0,3.0,5.0,1.0,0.0,0.0,9
2,3,204,11.0,8.0,3.0,0.0,0.0,0.0,0.0,9
2,4,102,17.0,5.0,2.0,3.0,3.0,3.0,1.0,9
2,4,103,15.0,7.0,3.0,5.0,0.0,0.0,0.0,9
2,4,104,19.0,16.0,3.0,0.0,0.0,0.0,0.0,9
2,4,201,16.0,4.0,0.0,2.0,2.0,7.0,1.0,9
2,4,202,13.0,4.0,3.0,3.0,2.0,1.0,0.0,9
2,4,203,14.0,9.0,2.0,3.0,0.0,0.0,0.0,9
2,5,101,20.0,3.0,2.0,1.0,4.0,9.0,1.0,9
2,5,102,20.0,6.0,3.0,3.0,2.0,6.0,0.0,9
2,5,103,18.0,10.0,3.0,2.0,3.0,0.0,0.0,9
2,5,104,14.0,12.0,2.0,0.0,0.0,0.0,0.0,9
2,5,201,19.0,4.0,3.0,2.0,2.0,8.0,0.0,9
2,5,202,17.0,8.0,3.0,2.0,4.0,0.0,0.0,9
2,5,203,14.0,12.0,2.0,0.0,0.0,0.0,0.0,9
2,6,101,18.0,2.0,1.0,1.0,2.0,7.0,5.0,9
2,6,102,18.0,4.0,3.0,3.0,3.0,5.0,0.0,9
2,6,103,18.0,9.0,3.0,3.0,3.0,0.0,0.0,9
2,6,104,15.0,13.0,2.0,0.0,0.0,0.0,0.0,9
2,6,201,17.0,5.0,2.0,2.0,4.0,4.0,0.0,9
2,6,202,14.0,6.0,2.0,2.0,4.0,0.0,0.0,9
2,6,203,12.0,10.0,2.0,0.0,0.0,0.0,0.0,9
2,7,101,36.0,4.0,4.0,3.0,5.0,20.0,0.0,9
2,7,102,19.0,5.0,3.0,3.0,2.0,6.0,0.0,9
2,7,103,14.0,6.0,2.0,2.0,4.0,0.0,0.0,9
2,7,104,12.0,10.0,2.0,0.0,0.0,0.0,0.0,9
2,7,201,20.0,4.0,3.0,1.0,3.0,6.0,3.0,9
2,7,202,16.0,5.0,2.0,2.0,4.0,3.0,0.0,9
2,7,203,15.0,9.0,3.0,1.0,2.0,0.0,0.0,9
2,8,101,19.0,4.0,2.0,1.0,2.0,10.0,0.0,9
2,8,102,21.0,9.0,2.0,2.0,3.0,5.0,0.0,9
2,8,103,16.0,10.0,2.0,3.0,1.0,0.0,0.0,9
2,9,101,7.0,0.0,0.0,2.0,4.0,1.0,0.0,9
2,9,102,6.0,3.0,0.0,3.0,0.0,0.0,0.0,9
2,9,201,7.0,0.0,0.0,0.0,3.0,4.0,0.0,9
2,9,202,7.0,1.0,2.0,1.0,0.0,3.0,0.0,9
2,9,203,7.0,5.0,2.0,0.0,0.0,0.0,0.0,9
2,10,101,8.0,0.0,0.0,2.0,4.0,2.0,0.0,9
2,10,102,8.0,1.0,1.0,4.0,2.0,0.0,0.0,9
2,10,103,7.0,3.0,3.0,1.0,0.0,0.0,0.0,9
2,10,201,7.0,0.0,0.0,0.0,7.0,0.0,0.0,9
2,10,202,8.0,0.0,2.0,4.0,2.0,0.0,0.0,9
2,10,203,7.0,4.0,2.0,1.0,0.0,0.0,0.0,9
2,11,101,6.0,1.0,1.0,0.0,4.0,0.0,0.0,9
2,11,201,8.0,1.0,0.0,1.0,1.0,5.0,0.0,9
2,11,202,7.0,1.0,2.0,2.0,2.0,0.0,0.0,9
2,12,101,8.0,1.0,0.0,0.0,1.0,6.0,0.0,9
2,12,102,7.0,2.0,0.0,1.0,2.0,2.0,0.0,9
2,12,103,7.0,4.0,3.0,0.0,0.0,0.0,0.0,9
2,12,201,8.0,0.0,0.0,1.0,0.0,7.0,0.0,9
2,12,202,8.0,2.0,1.0,2.0,2.0,1.0,0.0,9
2,12,203,8.0,7.0,1.0,0.0,0.0,0.0,0.0,9
2,13,101,8.0,1.0,1.0,0.0,1.0,5.0,0.0,9
2,13,201,8.0,1.0,0.0,1.0,1.0,5.0,0.0,9
2,13,202,8.0,3.0,2.0,2.0,1.0,0.0,0.0,9
2,14,101,7.0,1.0,0.0,0.0,1.0,5.0,0.0,9
2,14,102,7.0,3.0,1.0,2.0,0.0,1.0,0.0,9
2,14,201,7.0,0.0,0.0,1.0,1.0,5.0,0.0,9
2,14,202,7.0,3.0,2.0,1.0,1.0,0.0,0.0,9
2,14,203,6.0,6.0,0.0,0.0,0.0,0.0,0.0,9
3,1,101,39.0,11.0,2.0,3.0,2.0,19.0,2.0,9
3,1,102,17.0,6.0,2.0,1.0,2.0,6.0,0.0,9
3,1,103,15.0,7.0,3.0,2.0,2.0,1.0,0.0,9
3,1,104,14.0,12.0,2.0,0.0,0.0,0.0,0.0,9
3,1,201,38.0,9.0,2.0,6.0,0.0,19.0,2.0,9
3,1,202,19.0,5.0,2.0,3.0,2.0,7.0,0.0,9
3,1,203,16.0,8.0,2.0,3.0,2.0,1.0,0.0,9
3,1,204,14.0,12.0,2.0,0.0,0.0,0.0,0.0,9
3,2,101,23.0,7.0,3.0,4.0,0.0,9.0,0.0,9
3,2,102,18.0,8.0,2.0,4.0,2.0,2.0,0.0,9
3,2,103,16.0,11.0,3.0,2.0,0.0,0.0,0.0,9
3,2,201,21.0,7.0,2.0,2.0,2.0,8.0,0.0,9
3,2,202,19.0,10.0,3.0,2.0,3.0,1.0,0.0,9
3,2,203,14.0,11.0,3.0,0.0,0.0,0.0,0.0,9
3,3,101,19.0,3.0,2.0,2.0,1.0,10.0,1.0,9
3,3,102,17.0,5.0,3.0,4.0,0.0,5.0,0.0,9
3,3,103,14.0,7.0,3.0,3.0,1.0,0.0,0.0,9
3,3,201,19.0,6.0,2.0,3.0,0.0,7.0,1.0,9
3,3,202,18.0,9.0,2.0,3.0,2.0,2.0,0.0,9
3,3,203,14.0,10.0,3.0,1.0,0.0,0.0,0.0,9
3,4,101,21.0,3.0,3.0,2.0,1.0,10.0,2.0,9
3,4,102,19.0,5.0,2.0,4.0,1.0,7.0,0.0,9
3,4,103,19.0,9.0,3.0,3.0,3.0,0.0,1.0,9
3,4,104,15.0,11.0,4.0,0.0,0.0,0.0,0.0,9
3,4,201,38.0,7.0,4.0,3.0,3.0,21.0,0.0,9
3,4,202,19.0,5.0,3.0,3.0,2.0,6.0,0.0,9
3,4,203,16.0,8.0,3.0,3.0,2.0,0.0,0.0,9
3,4,204,12.0,10.0,2.0,0.0,0.0,0.0,0.0,9
3,5,101,21.0,4.0,2.0,2.0,2.0,10.0,1.0,9
3,5,102,16.0,4.0,4.0,1.0,1.0,6.0,0.0,9
3,5,103,16.0,9.0,3.0,2.0,2.0,0.0,0.0,9
3,5,201,30.0,7.0,0.0,4.0,3.0,16.0,0.0,9
3,5,202,16.0,5.0,2.0,4.0,2.0,3.0,0.0,9
3,5,203,13.0,8.0,3.0,2.0,0.0,0.0,0.0,9
3,6,101,18.0,5.0,2.0,1.0,2.0,8.0,0.0,9
3,6,102,16.0,7.0,1.0,2.0,2.0,4.0,0.0,9
3,6,103,13.0,8.0,2.0,3.0,0.0,0.0,0.0,9
3,6,201,19.0,4.0,2.0,1.0,2.0,10.0,0.0,9
3,6,202,16.0,5.0,3.0,3.0,2.0,3.0,0.0,9
3,6,203,12.0,7.0,3.0,2.0,0.0,0.0,0.0,9
3,7,101,35.0,6.0,3.0,3.0,7.0,15.0,1.0,9
3,7,102,17.0,5.0,3.0,2.0,2.0,2.0,3.0,9
3,7,103,17.0,9.0,2.0,3.0,3.0,0.0,0.0,9
3,7,104,14.0,12.0,2.0,0.0,0.0,0.0,0.0,9
3,7,201,32.0,3.0,3.0,1.0,5.0,19.0,1.0,9
3,7,202,19.0,6.0,3.0,1.0,2.0,7.0,0.0,9
3,7,203,17.0,9.0,3.0,3.0,1.0,1.0,0.0,9
3,7,204,12.0,10.0,2.0,0.0,0.0,0.0,0.0,9
3,8,101,18.0,3.0,2.0,0.0,3.0,10.0,0.0,9
3,8,102,17.0,5.0,3.0,1.0,2.0,6.0,0.0,9
3,8,103,16.0,10.0,2.0,3.0,1.0,0.0,0.0,9
3,8,201,33.0,6.0,4.0,0.0,6.0,17.0,0.0,9
3,8,202,19.0,6.0,3.0,4.0,1.0,5.0,0.0,9
3,8,203,16.0,10.0,2.0,3.0,1.0,0.0,0.0,9
3,9,101,8.0,2.0,0.0,0.0,1.0,5.0,0.0,9
3,9,102,7.0,1.0,1.0,3.0,2.0,0.0,0.0,9
3,9,201,8.0,1.0,0.0,3.0,1.0,3.0,0.0,9
3,9,202,6.0,1.0,2.0,3.0,0.0,0.0,0.0,9
3,10,101,7.0,2.0,0.0,0.0,1.0,4.0,0.0,9
3,10,102,7.0,2.0,2.0,3.0,0.0,0.0,0.0,9
3,10,201,7.0,1.0,0.0,0.0,1.0,5.0,0.0,9
3,11,101,6.0,0.0,0.0,0.0,0.0,6.0,0.0,9
3,11,102,7.0,1.0,2.0,2.0,2.0,0.0,0.0,9
3,11,103,7.0,7.0,0.0,0.0,0.0,0.0,0.0,9
3,11,201,8.0,1.0,0.0,0.0,1.0,6.0,0.0,9
3,11,202,8.0,2.0,1.0,2.0,2.0,1.0,0.0,9
3,11,203,7.0,7.0,0.0,0.0,0.0,0.0,0.0,9
3,12,101,8.0,4.0,0.0,0.0,0.0,3.0,1.0,9
3,12,102,7.0,3.0,0.0,1.0,1.0,2.0,0.0,9
3,12,201,7.0,1.0,0.0,0.0,1.0,5.0,0.0,9
3,12,202,7.0,2.0,2.0,1.0,2.0,0.0,0.0,9
3,13,101,8.0,2.0,0.0,0.0,1.0,5.0,0.0,9
3,13,102,7.0,3.0,1.0,3.0,0.0,0.0,0.0,9
3,13,201,8.0,1.0,1.0,0.0,1.0,5.0,0.0,9
3,13,202,4.0,0.0,1.0,3.0,0.0,0.0,0.0,9
3,14,101,7.0,1.0,0.0,0.0,1.0,5.0,0.0,9
3,14,102,8.0,2.0,2.0,1.0,3.0,0.0,0.0,9
3,14,103,7.0,7.0,0.0,0.0,0.0,0.0,0.0,9
3,14,201,8.0,1.0,0.0,0.0,0.0,7.0,0.0,9
3,14,202,7.0,1.0,2.0,1.0,3.0,0.0,0.0,9
3,14,203,7.0,7.0,0.0,0.0,0.0,0.0,0.0,9
5,1,101,20.0,5.0,3.0,5.0,2.0,5.0,0.0,9
5,1,102,17.0,5.0,3.0,7.0,1.0,1.0,0.0,9
5,1,103,17.0,11.0,3.0,3.0,0.0,0.0,0.0,9
5,1,201,21.0,6.0,3.0,1.0,6.0,4.0,1.0,9
5,1,202,17.0,7.0,2.0,4.0,3.0,1.0,0.0,9
5,1,203,15.0,10.0,3.0,2.0,0.0,0.0,0.0,9
5,2,101,9.0,2.0,1.0,0.0,3.0,2.0,1.0,9
5,2,102,15.0,7.0,2.0,6.0,0.0,0.0,0.0,9
5,2,103,15.0,11.0,3.0,1.0,0.0,0.0,0.0,9
5,2,201,16.0,5.0,2.0,3.0,5.0,1.0,0.0,9
5,2,202,13.0,7.0,3.0,3.0,0.0,0.0,0.0,9
5,2,203,20.0,19.0,1.0,0.0,0.0,0.0,0.0,9
5,3,101,16.0,3.0,2.0,3.0,2.0,6.0,0.0,9
5,3,102,25.0,13.0,4.0,8.0,0.0,0.0,0.0,9
5,3,103,15.0,10.0,3.0,2.0,0.0,0.0,0.0,9
5,3,201,29.0,9.0,0.0,5.0,2.0,11.0,2.0,9
5,3,202,27.0,12.0,4.0,7.0,3.0,1.0,0.0,9
5,3,203,12.0,5.0,3.0,3.0,0.0,0.0,1.0,9
5,3,204,25.0,25.0,0.0,0.0,0.0,0.0,0.0,9
5,4,101,19.0,5.0,2.0,5.0,1.0,6.0,0.0,9
5,4,102,16.0,7.0,3.0,5.0,0.0,0.0,1.0,9
5,4,103,15.0,12.0,3.0,0.0,0.0,0.0,0.0,9
5,4,201,20.0,4.0,3.0,5.0,2.0,4.0,2.0,9
5,4,202,19.0,9.0,2.0,4.0,4.0,0.0,0.0,9
5,4,203,15.0,11.0,3.0,1.0,0.0,0.0,0.0,9
5,5,101,18.0,7.0,1.0,6.0,2.0,2.0,0.0,9
5,5,102,14.0,9.0,0.0,5.0,0.0,0.0,0.0,9
5,5,103,10.0,10.0,0.0,0.0,0.0,0.0,0.0,9
5,5,201,16.0,5.0,1.0,3.0,1.0,4.0,2.0,9
5,5,202,16.0,8.0,1.0,6.0,1.0,0.0,0.0,9
5,5,203,12.0,9.0,1.0,2.0,0.0,0.0,0.0,9
5,6,101,16.0,5.0,2.0,6.0,1.0,1.0,1.0,9
5,6,102,13.0,6.0,3.0,2.0,2.0,0.0,0.0,9
5,6,103,13.0,10.0,3.0,0.0,0.0,0.0,0.0,9
5,6,201,27.0,9.0,0.0,3.0,3.0,11.0,1.0,9
5,6,202,15.0,4.0,1.0,3.0,2.0,4.0,1.0,9
5,6,203,20.0,9.0,4.0,6.0,1.0,0.0,0.0,9
5,6,204,34.0,29.0,4.0,1.0,0.0,0.0,0.0,9
5,7,101,8.0,2.0,0.0,0.0,2.0,4.0,0.0,9
5,7,102,6.0,4.0,0.0,2.0,0.0,0.0,0.0,9
5,7,201,7.0,3.0,0.0,1.0,2.0,1.0,0.0,9
5,7,202,7.0,6.0,1.0,0.0,0.0,0.0,0.0,9
5,8,101,9.0,3.0,1.0,1.0,0.0,4.0,0.0,9
5,8,102,9.0,4.0,3.0,2.0,0.0,0.0,0.0,9
5,8,201,7.0,1.0,0.0,2.0,4.0,0.0,0.0,9
5,8,202,8.0,2.0,3.0,3.0,0.0,0.0,0.0,9
5,9,101,7.0,0.0,1.0,3.0,1.0,2.0,0.0,9
5,9,102,8.0,3.0,3.0,2.0,0.0,0.0,0.0,9
6,1,101,50.0,12.0,7.0,3.0,2.0,26.0,0.0,9
6,1,102,20.0,7.0,3.0,1.0,2.0,7.0,0.0,9
6,1,103,16.0,9.0,3.0,1.0,2.0,1.0,0.0,9
6,1,104,14.0,13.0,1.0,0.0,0.0,0.0,0.0,9
6,1,201,13.0,0.0,0.0,0.0,1.0,11.0,1.0,9
6,1,202,17.0,5.0,3.0,1.0,2.0,6.0,0.0,9
6,1,203,15.0,9.0,3.0,1.0,2.0,0.0,0.0,9
6,1,204,13.0,13.0,0.0,0.0,0.0,0.0,0.0,9
6,2,101,21.0,7.0,3.0,0.0,2.0,9.0,0.0,9
6,2,102,19.0,10.0,3.0,1.0,2.0,3.0,0.0,9
6,2,103,16.0,14.0,2.0,0.0,0.0,0.0,0.0,9
6,2,201,18.0,5.0,3.0,0.0,1.0,9.0,0.0,9
6,2,202,17.0,9.0,3.0,1.0,2.0,2.0,0.0,9
6,2,203,13.0,13.0,0.0,0.0,0.0,0.0,0.0,9
6,3,101,19.0,8.0,3.0,0.0,1.0,7.0,0.0,9
6,3,102,20.0,14.0,3.0,1.0,2.0,0.0,0.0,9
6,3,103,13.0,13.0,0.0,0.0,0.0,0.0,0.0,9
6,3,201,20.0,6.0,3.0,1.0,0.0,10.0,0.0,9
6,3,202,18.0,10.0,2.0,0.0,3.0,3.0,0.0,9
6,3,203,14.0,12.0,2.0,0.0,0.0,0.0,0.0,9
6,4,101,25.0,5.0,0.0,0.0,1.0,19.0,0.0,9
6,4,102,18.0,5.0,2.0,1.0,1.0,9.0,0.0,9
6,4,103,16.0,8.0,2.0,2.0,1.0,2.0,1.0,9
6,4,104,13.0,12.0,1.0,0.0,0.0,0.0,0.0,9
6,4,201,19.0,5.0,1.0,0.0,0.0,12.0,1.0,9
6,4,202,20.0,9.0,1.0,1.0,1.0,8.0,0.0,9
6,4,203,18.0,11.0,3.0,1.0,3.0,0.0,0.0,9
6,4,204,15.0,15.0,0.0,0.0,0.0,0.0,0.0,9
6,5,101,32.0,6.0,3.0,1.0,3.0,19.0,0.0,9
6,5,102,19.0,7.0,2.0,1.0,1.0,8.0,0.0,9
6,5,103,17.0,10.0,3.0,1.0,2.0,1.0,0.0,9
6,5,104,14.0,14.0,0.0,0.0,0.0,0.0,0.0,9
6,5,201,44.0,11.0,0.0,1.0,3.0,27.0,2.0,9
6,5,202,19.0,8.0,2.0,1.0,1.0,7.0,0.0,9
6,5,203,16.0,10.0,3.0,1.0,1.0,1.0,0.0,9
6,5,204,13.0,13.0,0.0,0.0,0.0,0.0,0.0,9
6,6,101,19.0,5.0,3.0,1.0,2.0,8.0,0.0,9
6,6,102,17.0,8.0,3.0,1.0,3.0,2.0,0.0,9
6,6,103,14.0,13.0,1.0,0.0,0.0,0.0,0.0,9
6,6,201,15.0,2.0,0.0,0.0,0.0,10.0,3.0,9
6,6,202,19.0,6.0,3.0,1.0,2.0,7.0,0.0,9
6,6,203,16.0,10.0,3.0,1.0,2.0,0.0,0.0,9
6,6,204,11.0,11.0,0.0,0.0,0.0,0.0,0.0,9
6,7,101,8.0,1.0,0.0,0.0,1.0,6.0,0.0,9
6,7,201,8.0,2.0,0.0,0.0,0.0,6.0,0.0,9
6,7,202,7.0,2.0,1.0,1.0,1.0,2.0,0.0,9
6,8,201,7.0,3.0,0.0,0.0,1.0,3.0,0.0,9
6,8,202,7.0,4.0,3.0,0.0,0.0,0.0,0.0,9
6,9,101,7.0,0.0,0.0,1.0,0.0,6.0,0.0,9
6,9,102,7.0,2.0,2.0,1.0,2.0,0.0,0.0,9
6,9,201,8.0,2.0,0.0,0.0,1.0,5.0,0.0,9
6,9,202,8.0,3.0,2.0,1.0,2.0,0.0,0.0,9
6,10,101,8.0,0.0,0.0,1.0,0.0,7.0,0.0,9
6,10,102,8.0,1.0,2.0,1.0,0.0,4.0,0.0,9
6,10,103,8.0,6.0,2.0,0.0,0.0,0.0,0.0,9
6,10,201,8.0,1.0,0.0,1.0,1.0,5.0,0.0,9
6,10,202,8.0,3.0,2.0,1.0,2.0,0.0,0.0,9
6,10,203,7.0,7.0,0.0,0.0,0.0,0.0,0.0,9
6,11,101,7.0,1.0,0.0,0.0,1.0,5.0,0.0,9
6,11,102,7.0,3.0,2.0,2.0,0.0,0.0,0.0,9
6,11,201,8.0,1.0,0.0,0.0,0.0,7.0,0.0,9
6,11,202,7.0,2.0,1.0,0.0,1.0,3.0,0.0,9
6,11,203,7.0,6.0,1.0,0.0,0.0,0.0,0.0,9
